ppt,concern,exaggerate,behaviour,urgency,responsibility,pay,hedonism,nuclear,gender,age_group,employment,children
1,2,4,2,4,2,2,2,5,male,60+ years,part-time,no
2,2,3,2,4,2,4,2,4,female,25 to 44 years,part-time,yes
3,1,4,2,2,2,2,2,2,female,25 to 44 years,full-time,yes
4,3,3,4,4,2,5,2,4,male,45 to 59 years,full-time,yes
5,4,1,4,4,5,2,5,2,male,15 to 24 years,full-time,no
6,2,4,4,4,2,3,3,5,male,15 to 24 years,full-time,no
7,1,5,1,1,1,1,2,5,male,45 to 59 years,full-time,no
8,2,3,2,3,3,3,2,3,female,45 to 59 years,full-time,no
9,1,2,2,2,2,4,3,3,male,25 to 44 years,full-time,yes
10,4,1,4,5,5,2,2,4,female,45 to 59 years,full-time,no
11,1,3,2,2,2,2,3,5,male,45 to 59 years,full-time,no
12,2,4,5,4,1,4,2,1,male,45 to 59 years,full-time,no
13,2,3,2,3,2,3,3,4,female,25 to 44 years,full-time,yes
14,3,1,3,4,3,2,4,3,male,25 to 44 years,part-time,no
15,1,2,1,5,1,1,1,5,female,25 to 44 years,full-time,no
16,2,4,3,3,2,2,2,2,female,45 to 59 years,full-time,no
17,1,4,2,2,2,2,2,4,female,45 to 59 years,full-time,no
18,2,4,2,4,2,4,4,4,male,25 to 44 years,full-time,no
19,2,4,1,2,1,2,3,3,female,15 to 24 years,full-time,no
20,2,2,4,4,3,5,2,2,male,25 to 44 years,full-time,yes
21,1,4,2,3,2,3,3,5,female,25 to 44 years,full-time,no
22,2,3,2,4,3,4,2,4,female,25 to 44 years,full-time,yes
23,2,2,2,3,2,4,3,2,male,45 to 59 years,full-time,yes
24,2,2,4,4,2,2,5,3,male,15 to 24 years,full-time,no
25,2,3,2,4,2,2,2,3,female,60+ years,part-time,no
26,2,4,2,3,2,3,4,2,male,25 to 44 years,full-time,yes
27,2,4,2,3,2,2,2,4,female,25 to 44 years,part-time,yes
28,4,1,5,5,5,2,3,5,female,45 to 59 years,full-time,no
29,2,2,2,4,2,4,3,4,male,25 to 44 years,full-time,no
30,2,4,2,2,1,4,2,4,male,25 to 44 years,part-time,no
31,1,4,2,2,1,5,4,4,female,25 to 44 years,full-time,yes
32,4,1,2,5,2,5,2,5,female,25 to 44 years,full-time,yes
33,1,2,2,3,3,3,2,2,male,45 to 59 years,full-time,no
34,2,5,4,2,2,3,1,4,female,25 to 44 years,full-time,no
35,2,4,4,4,2,2,3,2,male,25 to 44 years,full-time,no
36,2,4,2,2,2,4,2,4,female,45 to 59 years,part-time,no
37,3,2,4,4,2,3,4,2,female,25 to 44 years,part-time,yes
38,4,2,4,3,3,2,1,3,female,45 to 59 years,part-time,yes
39,3,4,3,4,2,4,1,5,female,45 to 59 years,part-time,no
40,2,4,1,3,2,4,4,5,female,45 to 59 years,full-time,no
41,1,5,1,2,1,4,2,2,male,25 to 44 years,full-time,yes
42,2,3,2,2,2,4,2,3,female,25 to 44 years,full-time,yes
43,2,3,2,2,2,4,3,5,female,45 to 59 years,full-time,no
44,3,2,3,4,3,3,2,3,male,25 to 44 years,full-time,no
45,2,2,2,2,4,2,3,5,male,60+ years,full-time,no
46,3,2,5,5,4,4,2,4,female,45 to 59 years,full-time,yes
47,2,3,3,4,4,4,3,3,female,25 to 44 years,part-time,yes
48,3,2,3,5,4,2,3,1,male,45 to 59 years,full-time,yes
49,3,2,3,4,4,3,4,3,female,15 to 24 years,full-time,no
50,3,1,4,3,4,5,3,1,male,25 to 44 years,full-time,no
51,1,5,1,1,1,4,3,5,male,25 to 44 years,full-time,yes
52,3,2,1,2,2,4,1,4,female,45 to 59 years,full-time,no
53,2,3,2,3,3,2,2,4,female,45 to 59 years,full-time,yes
54,1,4,1,1,1,1,3,4,female,45 to 59 years,full-time,no
55,2,1,2,2,1,1,3,1,male,15 to 24 years,full-time,yes
56,2,4,2,4,2,5,3,2,male,60+ years,part-time,no
57,2,4,1,1,1,2,3,3,male,45 to 59 years,full-time,no
58,1,4,3,3,1,3,4,3,female,25 to 44 years,part-time,yes
59,1,5,1,2,1,1,2,5,female,25 to 44 years,full-time,yes
60,2,4,2,2,2,2,3,2,male,45 to 59 years,full-time,no
61,2,2,2,4,4,4,2,2,female,25 to 44 years,part-time,yes
62,1,5,1,1,1,2,3,5,female,25 to 44 years,full-time,yes
63,2,4,2,4,2,4,2,3,female,25 to 44 years,full-time,yes
64,4,1,4,4,4,4,3,1,male,45 to 59 years,part-time,no
65,2,2,2,4,2,3,2,3,female,45 to 59 years,part-time,no
66,1,5,1,1,1,2,2,4,male,45 to 59 years,full-time,yes
67,2,5,1,3,1,2,4,4,female,45 to 59 years,part-time,no
68,2,3,1,1,2,2,3,5,female,45 to 59 years,full-time,no
69,3,4,4,4,2,2,2,5,male,25 to 44 years,full-time,yes
70,2,4,1,1,1,4,5,4,male,25 to 44 years,full-time,no
71,1,4,2,4,2,2,3,1,female,45 to 59 years,full-time,yes
72,1,3,1,2,1,4,2,2,male,45 to 59 years,full-time,yes
73,2,4,4,4,2,4,5,4,female,25 to 44 years,full-time,no
74,2,4,2,2,2,2,1,3,female,60+ years,full-time,no
75,3,2,4,4,4,4,1,2,male,25 to 44 years,full-time,yes
76,3,2,2,3,2,3,3,3,female,25 to 44 years,full-time,yes
77,1,4,1,3,2,2,2,2,male,45 to 59 years,full-time,no
78,2,3,3,2,2,2,3,4,male,45 to 59 years,full-time,yes
79,1,4,2,2,2,1,3,5,male,45 to 59 years,full-time,yes
80,2,5,2,1,1,2,3,4,male,45 to 59 years,full-time,no
81,2,2,2,1,1,2,4,5,male,25 to 44 years,full-time,yes
82,2,4,2,3,2,2,3,2,female,15 to 24 years,full-time,no
83,2,4,4,2,2,4,2,3,female,25 to 44 years,full-time,yes
84,2,4,3,3,2,2,2,4,male,25 to 44 years,full-time,yes
85,1,3,2,3,3,3,3,1,male,60+ years,full-time,no
86,2,4,2,2,2,2,3,3,female,15 to 24 years,full-time,no
87,3,1,4,4,4,4,3,2,female,45 to 59 years,part-time,yes
88,2,2,2,2,2,2,3,3,male,25 to 44 years,full-time,no
89,2,4,2,2,2,4,3,3,female,25 to 44 years,part-time,yes
90,4,2,5,4,4,2,4,5,female,25 to 44 years,full-time,yes
91,3,2,5,4,2,2,5,1,male,25 to 44 years,full-time,yes
92,2,4,2,4,2,4,3,1,male,45 to 59 years,full-time,yes
93,1,3,1,2,1,3,1,4,male,25 to 44 years,full-time,no
94,2,4,2,4,2,2,2,2,male,25 to 44 years,full-time,no
95,2,4,1,2,2,1,2,2,male,25 to 44 years,full-time,yes
96,2,4,2,4,2,1,3,1,male,25 to 44 years,full-time,no
97,1,5,1,1,1,2,1,5,male,60+ years,full-time,no
98,3,1,4,4,4,4,2,2,female,25 to 44 years,full-time,no
99,2,4,2,2,2,3,3,4,female,15 to 24 years,full-time,no
100,2,2,2,4,3,5,3,2,male,45 to 59 years,full-time,no
101,4,1,2,5,2,2,1,1,female,60+ years,full-time,no
102,1,3,2,2,2,2,2,5,male,25 to 44 years,full-time,no
103,2,3,2,2,2,2,2,3,female,45 to 59 years,full-time,yes
104,1,4,1,4,2,2,2,2,female,45 to 59 years,full-time,no
105,1,4,2,2,2,5,2,5,female,15 to 24 years,full-time,yes
106,4,1,4,4,4,5,2,2,female,45 to 59 years,part-time,yes
107,3,2,4,4,2,4,3,1,male,25 to 44 years,full-time,no
108,2,1,2,2,2,2,2,2,male,60+ years,part-time,no
109,1,2,1,1,1,2,4,5,male,15 to 24 years,full-time,yes
110,2,2,4,3,3,5,3,2,male,25 to 44 years,full-time,yes
111,2,3,1,3,2,3,2,3,male,25 to 44 years,full-time,yes
112,3,3,1,3,1,4,1,2,female,45 to 59 years,full-time,no
113,2,4,2,2,2,3,2,4,female,25 to 44 years,part-time,yes
114,2,2,4,4,3,2,4,4,male,25 to 44 years,full-time,yes
115,2,3,2,2,2,4,2,3,male,25 to 44 years,full-time,yes
116,1,4,2,4,1,2,2,3,female,45 to 59 years,full-time,no
117,2,4,2,4,2,4,4,4,female,25 to 44 years,full-time,yes
118,4,1,3,5,5,2,3,5,male,60+ years,part-time,no
119,3,2,4,4,4,4,4,2,male,25 to 44 years,full-time,yes
120,1,1,3,3,2,4,4,1,male,25 to 44 years,full-time,yes
121,2,4,2,2,1,2,3,3,female,25 to 44 years,full-time,no
122,2,4,2,3,2,2,4,5,female,15 to 24 years,part-time,yes
123,2,2,2,2,3,2,3,4,male,25 to 44 years,full-time,no
124,3,3,2,3,2,4,2,2,male,45 to 59 years,full-time,no
125,2,2,1,1,1,1,2,2,male,60+ years,part-time,no
126,2,4,1,2,1,2,2,2,female,45 to 59 years,full-time,no
127,2,3,2,4,2,3,4,1,male,25 to 44 years,full-time,no
128,2,4,2,4,2,2,3,4,male,60+ years,part-time,no
129,4,2,4,4,4,2,5,4,male,45 to 59 years,full-time,no
130,2,2,2,4,4,5,1,5,female,25 to 44 years,full-time,yes
131,2,3,2,2,2,2,5,4,female,25 to 44 years,full-time,no
132,2,2,2,2,2,5,3,3,female,45 to 59 years,full-time,no
133,3,2,4,4,3,4,4,2,male,15 to 24 years,full-time,yes
134,2,4,2,2,2,4,2,5,female,45 to 59 years,full-time,no
135,2,4,2,2,2,2,2,5,male,15 to 24 years,part-time,no
136,1,5,2,2,2,4,3,2,male,45 to 59 years,part-time,no
137,1,4,2,4,2,2,3,3,male,25 to 44 years,full-time,no
138,1,4,2,1,1,5,3,5,female,15 to 24 years,full-time,no
139,1,4,4,2,2,4,5,5,female,60+ years,full-time,no
140,3,2,4,4,4,4,3,2,male,25 to 44 years,full-time,yes
141,1,2,1,1,1,1,1,2,male,45 to 59 years,full-time,no
142,1,3,2,2,2,3,2,4,female,45 to 59 years,full-time,yes
143,2,4,2,2,1,3,2,2,male,60+ years,full-time,no
144,2,5,2,2,2,2,4,2,male,15 to 24 years,part-time,yes
145,2,2,2,2,2,4,3,2,male,45 to 59 years,full-time,no
146,1,5,2,2,2,1,2,2,female,45 to 59 years,full-time,yes
147,2,2,3,3,3,3,2,5,female,25 to 44 years,part-time,yes
148,1,3,2,2,2,2,3,2,male,60+ years,part-time,no
149,1,4,2,2,2,2,2,2,male,25 to 44 years,full-time,yes
150,2,4,2,4,2,3,3,4,male,45 to 59 years,full-time,yes
151,1,4,2,2,2,3,3,2,male,25 to 44 years,full-time,no
152,2,2,2,2,1,2,3,5,male,45 to 59 years,full-time,no
153,1,4,1,1,2,4,2,3,male,25 to 44 years,full-time,yes
154,2,4,2,3,2,4,2,5,male,25 to 44 years,full-time,no
155,2,3,2,2,2,3,1,2,female,45 to 59 years,full-time,yes
156,2,4,2,4,2,2,3,4,female,15 to 24 years,full-time,no
157,2,4,1,2,2,3,3,4,female,25 to 44 years,full-time,yes
158,3,2,3,3,3,4,4,4,male,25 to 44 years,full-time,no
159,3,2,2,3,2,4,3,3,male,25 to 44 years,full-time,no
160,2,3,2,2,2,2,4,2,male,25 to 44 years,full-time,no
161,2,4,5,2,2,5,1,4,male,25 to 44 years,full-time,yes
162,1,3,2,4,2,2,3,2,female,25 to 44 years,full-time,no
163,2,4,2,3,2,3,3,3,female,25 to 44 years,part-time,no
164,2,3,2,2,2,3,2,2,male,45 to 59 years,full-time,no
165,1,4,2,3,2,2,5,5,male,25 to 44 years,full-time,yes
166,1,4,1,1,1,2,2,1,male,60+ years,part-time,no
167,3,4,2,2,1,4,3,3,female,25 to 44 years,full-time,yes
168,2,4,4,2,2,4,3,2,male,25 to 44 years,full-time,yes
169,1,4,2,2,2,3,3,2,female,15 to 24 years,part-time,yes
170,1,4,1,1,1,4,3,4,female,25 to 44 years,part-time,no
171,2,1,1,4,4,4,2,5,female,25 to 44 years,full-time,yes
172,1,4,1,1,1,1,2,1,male,45 to 59 years,full-time,yes
173,2,3,2,2,3,4,3,2,male,25 to 44 years,full-time,yes
174,1,4,1,1,1,2,3,4,female,25 to 44 years,full-time,no
175,1,5,2,2,2,2,3,3,female,25 to 44 years,part-time,yes
176,1,4,2,2,2,2,3,5,female,25 to 44 years,full-time,yes
177,3,2,2,2,1,3,5,4,male,25 to 44 years,full-time,no
178,2,5,1,2,1,2,2,5,female,25 to 44 years,part-time,yes
179,1,5,2,2,1,2,1,4,male,45 to 59 years,full-time,no
180,2,4,2,4,2,2,2,4,female,45 to 59 years,full-time,no
181,2,2,3,2,2,3,1,3,female,60+ years,full-time,no
182,1,4,1,2,2,2,2,5,female,45 to 59 years,part-time,no
183,1,5,2,2,2,2,3,5,male,25 to 44 years,full-time,no
184,2,3,2,2,1,2,3,5,female,25 to 44 years,full-time,yes
185,1,5,2,1,1,1,3,5,male,60+ years,part-time,no
186,3,3,2,3,2,2,2,2,male,60+ years,part-time,no
187,1,4,2,2,1,2,2,2,female,45 to 59 years,part-time,no
188,3,2,4,2,2,4,2,1,male,25 to 44 years,full-time,yes
189,1,2,1,2,1,3,2,5,female,25 to 44 years,full-time,no
190,2,3,4,4,3,3,2,2,male,60+ years,full-time,no
191,2,4,1,1,1,3,3,5,male,25 to 44 years,full-time,no
192,2,2,2,3,3,4,3,4,female,25 to 44 years,part-time,yes
193,2,2,3,3,3,4,2,4,female,45 to 59 years,part-time,no
194,3,2,4,4,3,3,2,1,female,25 to 44 years,part-time,yes
195,3,2,3,2,2,2,3,3,male,25 to 44 years,full-time,yes
196,1,2,3,2,2,2,4,5,female,25 to 44 years,full-time,yes
197,2,2,3,2,2,5,3,3,male,15 to 24 years,full-time,no
198,1,3,2,4,2,4,3,3,male,15 to 24 years,full-time,no
199,1,4,1,2,1,2,3,4,female,25 to 44 years,full-time,yes
200,1,4,1,3,1,3,2,4,female,45 to 59 years,full-time,no
201,2,1,3,2,2,1,3,5,female,15 to 24 years,full-time,yes
202,2,4,4,4,1,2,3,5,female,45 to 59 years,full-time,yes
203,1,4,2,3,2,2,2,4,female,45 to 59 years,part-time,no
204,1,4,2,2,2,2,1,4,male,45 to 59 years,full-time,no
205,4,1,5,5,5,5,4,1,male,45 to 59 years,full-time,no
206,1,5,1,1,1,1,3,5,female,45 to 59 years,full-time,no
207,1,5,2,2,1,3,2,5,female,45 to 59 years,part-time,no
208,1,3,1,2,2,1,2,5,female,25 to 44 years,full-time,no
209,1,4,2,3,2,3,3,5,female,25 to 44 years,full-time,yes
210,1,5,2,2,2,3,2,1,male,25 to 44 years,full-time,no
211,2,4,1,1,1,2,3,1,male,25 to 44 years,full-time,no
212,2,2,3,2,2,1,2,3,male,45 to 59 years,full-time,yes
213,1,5,2,2,2,2,1,4,female,25 to 44 years,full-time,yes
214,2,4,2,3,2,4,2,4,female,25 to 44 years,part-time,yes
215,1,5,3,4,1,2,3,5,female,45 to 59 years,full-time,no
216,2,4,1,2,1,2,3,1,female,25 to 44 years,full-time,no
217,3,1,2,4,3,2,1,3,male,25 to 44 years,full-time,yes
218,2,3,5,5,5,3,3,1,male,45 to 59 years,full-time,no
219,2,4,2,4,2,2,3,2,male,60+ years,full-time,no
220,2,4,1,2,1,2,1,3,female,25 to 44 years,part-time,yes
221,3,2,2,4,4,2,3,2,male,60+ years,full-time,no
222,2,3,2,4,2,4,3,4,female,25 to 44 years,part-time,yes
223,2,2,3,3,1,3,3,2,male,25 to 44 years,full-time,no
224,2,4,2,3,2,3,2,3,female,25 to 44 years,full-time,no
225,1,5,2,2,1,1,5,5,female,45 to 59 years,full-time,no
226,3,2,4,4,4,3,4,2,male,45 to 59 years,full-time,no
227,2,2,2,4,2,3,3,3,male,15 to 24 years,full-time,no
228,2,4,2,4,3,2,2,5,female,45 to 59 years,full-time,no
229,2,2,2,2,2,3,3,3,male,25 to 44 years,full-time,no
230,4,2,2,4,5,4,2,2,male,25 to 44 years,full-time,yes
231,2,4,3,4,3,2,2,3,female,45 to 59 years,full-time,no
232,3,2,4,4,4,2,3,1,male,45 to 59 years,full-time,no
233,2,2,4,4,3,4,2,2,male,25 to 44 years,full-time,yes
234,1,4,1,1,2,1,2,3,male,25 to 44 years,full-time,no
235,3,2,4,4,4,2,3,2,female,25 to 44 years,part-time,no
236,2,4,2,3,2,4,1,1,male,25 to 44 years,full-time,yes
237,1,2,2,3,3,4,1,5,male,15 to 24 years,part-time,no
238,1,5,2,2,1,2,3,2,male,25 to 44 years,full-time,no
239,2,2,2,4,2,4,4,2,male,60+ years,part-time,yes
240,2,4,2,2,2,2,2,2,male,45 to 59 years,full-time,yes
241,2,3,2,3,2,3,3,1,male,25 to 44 years,full-time,no
242,3,2,3,3,2,4,2,5,female,25 to 44 years,full-time,yes
243,1,5,1,2,1,2,4,4,female,15 to 24 years,full-time,no
244,2,3,3,3,2,4,2,4,female,25 to 44 years,full-time,yes
245,1,4,5,5,5,2,2,1,male,45 to 59 years,part-time,no
246,2,3,2,2,2,1,2,5,female,25 to 44 years,full-time,yes
247,3,2,4,4,2,4,2,3,male,25 to 44 years,full-time,no
248,2,2,3,2,1,1,5,2,male,25 to 44 years,full-time,no
249,1,4,1,2,2,3,4,5,female,25 to 44 years,part-time,yes
250,2,4,2,4,2,4,4,2,male,15 to 24 years,full-time,no
251,1,3,2,3,2,2,2,2,female,45 to 59 years,full-time,no
252,3,1,5,5,5,2,3,1,male,45 to 59 years,full-time,no
253,2,2,2,2,2,2,1,2,female,25 to 44 years,full-time,yes
254,2,3,3,3,2,2,1,4,male,15 to 24 years,full-time,no
255,4,1,4,5,3,5,3,2,male,25 to 44 years,full-time,no
256,2,4,2,2,2,4,4,5,female,25 to 44 years,full-time,no
257,2,4,2,2,2,1,3,3,male,25 to 44 years,full-time,no
258,2,4,2,3,2,1,1,5,female,45 to 59 years,part-time,no
259,2,3,4,4,2,3,1,1,male,45 to 59 years,full-time,no
260,2,3,3,4,2,2,3,4,female,15 to 24 years,full-time,yes
261,1,4,2,2,2,3,3,3,male,45 to 59 years,full-time,no
262,2,2,2,4,2,2,3,4,male,45 to 59 years,full-time,no
263,2,3,2,3,2,4,2,1,female,45 to 59 years,full-time,no
264,2,2,1,2,2,4,3,2,female,45 to 59 years,part-time,no
265,2,2,2,2,2,2,4,3,male,60+ years,full-time,no
266,3,2,3,3,3,3,3,3,female,25 to 44 years,full-time,no
267,1,4,2,2,1,2,3,5,female,25 to 44 years,full-time,no
268,2,4,2,2,2,4,3,2,male,25 to 44 years,full-time,yes
269,2,4,2,2,2,4,3,3,female,25 to 44 years,full-time,no
270,2,2,4,4,2,2,4,2,female,15 to 24 years,full-time,no
271,3,4,4,3,2,4,2,3,male,25 to 44 years,full-time,yes
272,2,3,2,5,3,3,4,5,female,25 to 44 years,part-time,yes
273,3,2,2,2,2,2,1,5,male,45 to 59 years,full-time,no
274,2,4,2,2,2,2,4,5,male,25 to 44 years,full-time,yes
275,1,5,1,1,1,4,3,3,male,60+ years,full-time,no
276,3,4,2,2,2,4,3,5,male,45 to 59 years,full-time,no
277,3,2,4,3,3,2,1,3,female,25 to 44 years,part-time,yes
278,1,4,2,2,2,2,3,3,female,25 to 44 years,part-time,yes
279,1,4,2,1,1,2,2,4,female,25 to 44 years,full-time,yes
280,3,2,2,3,2,2,4,4,male,45 to 59 years,part-time,no
281,1,2,2,3,2,4,2,3,female,45 to 59 years,part-time,yes
282,1,4,2,2,1,2,3,5,female,25 to 44 years,full-time,no
283,1,5,2,2,2,4,2,2,female,25 to 44 years,full-time,no
284,2,5,1,1,1,1,3,4,female,25 to 44 years,full-time,yes
285,2,3,2,1,1,3,4,2,female,45 to 59 years,full-time,yes
286,2,4,2,4,4,2,4,4,male,25 to 44 years,full-time,no
287,1,4,1,2,2,1,4,4,male,25 to 44 years,full-time,no
288,4,2,4,3,2,3,4,3,female,25 to 44 years,full-time,no
289,2,2,2,4,2,2,5,5,male,25 to 44 years,full-time,no
290,1,2,1,2,1,2,3,2,female,25 to 44 years,part-time,yes
291,2,4,3,3,2,4,3,4,male,45 to 59 years,full-time,yes
292,2,3,2,2,2,2,1,1,female,45 to 59 years,part-time,yes
293,1,4,2,3,2,4,3,3,male,45 to 59 years,full-time,yes
294,1,1,2,4,2,1,2,3,female,45 to 59 years,part-time,yes
295,2,4,2,3,2,4,3,3,male,25 to 44 years,full-time,no
296,2,2,4,4,1,2,2,5,female,25 to 44 years,part-time,yes
297,3,2,5,5,3,3,2,2,male,60+ years,full-time,no
298,1,4,1,2,1,2,2,2,male,25 to 44 years,full-time,no
299,3,2,3,4,4,2,3,2,male,60+ years,full-time,no
300,2,3,2,2,2,4,3,3,male,15 to 24 years,full-time,no
301,4,2,4,4,3,3,2,2,male,45 to 59 years,full-time,no
302,2,5,2,2,2,2,1,2,female,45 to 59 years,part-time,no
303,2,3,2,3,2,5,3,3,female,25 to 44 years,part-time,yes
304,1,3,1,2,1,2,3,4,female,25 to 44 years,part-time,yes
305,3,3,2,4,2,4,3,3,male,25 to 44 years,full-time,yes
306,3,5,3,4,4,4,3,3,male,45 to 59 years,full-time,no
307,1,2,4,4,2,4,4,4,female,25 to 44 years,full-time,no
308,1,4,2,2,2,5,1,5,female,25 to 44 years,part-time,yes
309,3,2,5,4,4,2,2,3,male,45 to 59 years,full-time,yes
310,4,1,2,3,3,4,2,3,female,45 to 59 years,part-time,no
311,3,2,5,4,2,5,3,1,male,45 to 59 years,full-time,no
312,2,3,4,4,2,5,3,5,female,15 to 24 years,part-time,no
313,4,4,2,4,2,4,5,5,male,15 to 24 years,full-time,no
314,3,2,4,4,2,2,3,2,male,25 to 44 years,full-time,no
315,1,5,2,2,2,1,2,3,male,25 to 44 years,full-time,yes
316,4,5,5,5,5,3,2,2,male,25 to 44 years,full-time,yes
317,1,2,1,2,2,2,2,4,female,60+ years,part-time,no
318,3,1,5,5,5,5,2,1,female,45 to 59 years,full-time,no
319,2,4,2,2,2,3,2,2,female,25 to 44 years,full-time,no
320,2,2,2,2,2,4,2,2,female,25 to 44 years,part-time,yes
321,3,2,5,4,4,3,2,5,male,45 to 59 years,full-time,no
322,2,2,2,3,2,2,3,2,male,45 to 59 years,part-time,no
323,2,4,3,2,2,2,4,4,male,45 to 59 years,full-time,yes
324,2,4,2,3,2,4,1,5,female,45 to 59 years,full-time,no
325,2,2,2,2,2,2,2,2,male,45 to 59 years,full-time,no
326,2,4,4,4,3,3,2,4,female,25 to 44 years,full-time,yes
327,2,5,2,2,2,5,3,1,male,45 to 59 years,full-time,yes
328,1,5,1,1,1,2,3,4,male,25 to 44 years,full-time,no
329,2,2,2,3,2,4,2,2,female,25 to 44 years,full-time,yes
330,3,4,2,2,2,2,2,1,male,60+ years,part-time,no
331,1,5,1,1,1,2,3,5,female,25 to 44 years,full-time,yes
332,2,5,1,3,1,3,3,5,female,45 to 59 years,full-time,no
333,1,4,2,2,2,2,2,3,male,25 to 44 years,full-time,yes
334,2,5,2,2,2,2,3,5,female,45 to 59 years,part-time,yes
335,1,4,1,1,1,2,3,2,female,25 to 44 years,full-time,no
336,2,3,2,2,2,1,2,2,male,25 to 44 years,full-time,yes
337,2,2,5,5,4,5,1,4,female,25 to 44 years,full-time,no
338,1,4,2,4,2,4,3,3,female,25 to 44 years,full-time,no
339,2,4,2,2,2,4,3,4,female,25 to 44 years,part-time,yes
340,4,1,1,3,2,2,3,3,male,15 to 24 years,full-time,no
341,1,5,1,1,1,1,1,5,female,60+ years,full-time,no
342,3,1,4,4,2,4,4,2,male,15 to 24 years,part-time,no
343,2,4,1,2,2,2,2,3,female,25 to 44 years,full-time,yes
344,3,2,3,3,3,4,3,3,female,25 to 44 years,full-time,yes
345,3,1,2,2,2,4,4,3,female,25 to 44 years,part-time,yes
346,2,5,2,2,2,3,3,5,female,15 to 24 years,part-time,yes
347,2,4,2,2,1,2,2,2,male,60+ years,full-time,no
348,2,4,3,3,2,2,3,3,male,45 to 59 years,full-time,no
349,2,3,3,2,2,3,3,3,male,25 to 44 years,full-time,no
350,3,1,4,5,3,2,4,1,male,25 to 44 years,full-time,no
351,2,2,4,4,2,5,3,3,female,45 to 59 years,full-time,no
352,2,4,2,2,2,4,4,5,female,25 to 44 years,part-time,yes
353,3,4,2,3,2,4,4,5,male,15 to 24 years,full-time,yes
354,4,5,2,4,4,4,3,4,male,15 to 24 years,full-time,no
355,4,2,4,4,3,2,3,1,male,60+ years,full-time,no
356,1,2,1,1,1,5,3,3,male,25 to 44 years,full-time,yes
357,2,2,3,3,3,3,1,3,female,60+ years,part-time,no
358,1,4,2,2,1,2,5,4,female,25 to 44 years,part-time,no
359,2,3,2,3,1,2,3,1,female,45 to 59 years,full-time,no
360,3,2,2,3,2,2,5,3,female,25 to 44 years,full-time,yes
361,1,5,2,4,2,2,1,4,female,45 to 59 years,part-time,yes
362,1,5,2,1,1,1,2,4,male,45 to 59 years,full-time,no
363,2,4,2,3,2,2,3,2,male,45 to 59 years,full-time,no
364,2,2,2,5,5,5,4,4,female,25 to 44 years,part-time,yes
365,2,3,2,2,2,5,2,5,female,25 to 44 years,part-time,yes
366,2,4,2,2,2,3,2,4,female,25 to 44 years,part-time,yes
367,3,4,2,2,2,2,3,3,male,25 to 44 years,full-time,yes
368,4,1,5,5,5,1,3,1,male,45 to 59 years,full-time,no
369,1,5,1,1,1,1,3,4,male,60+ years,part-time,no
370,1,4,2,2,1,2,3,3,female,45 to 59 years,part-time,yes
371,1,5,1,2,2,4,2,3,male,45 to 59 years,full-time,no
372,1,5,2,2,2,3,2,5,female,25 to 44 years,part-time,yes
373,4,5,1,2,1,2,2,3,male,45 to 59 years,full-time,no
374,2,3,1,3,2,3,2,5,female,25 to 44 years,part-time,yes
375,3,3,2,4,2,4,3,5,female,25 to 44 years,part-time,yes
376,1,4,3,2,2,2,3,1,female,25 to 44 years,full-time,yes
377,2,4,2,3,2,4,2,2,female,25 to 44 years,part-time,yes
378,1,5,2,1,1,4,3,4,male,25 to 44 years,full-time,yes
379,1,4,2,3,2,2,3,4,male,45 to 59 years,full-time,no
380,4,3,1,1,1,5,3,1,female,45 to 59 years,part-time,yes
381,3,2,2,4,2,2,2,3,male,45 to 59 years,full-time,yes
382,2,2,2,2,2,2,2,5,male,60+ years,full-time,yes
383,4,1,4,4,4,4,4,2,female,25 to 44 years,full-time,yes
384,2,2,4,4,2,4,2,3,female,25 to 44 years,full-time,no
385,1,3,2,3,2,2,2,4,male,15 to 24 years,full-time,no
386,2,4,3,3,2,3,2,3,male,25 to 44 years,full-time,no
387,4,2,4,5,4,4,2,2,male,45 to 59 years,full-time,no
388,2,4,2,3,2,3,3,1,male,25 to 44 years,full-time,yes
389,1,3,3,2,2,2,1,2,male,45 to 59 years,full-time,yes
390,4,1,2,4,4,5,2,1,male,25 to 44 years,full-time,yes
391,2,2,4,4,2,2,5,2,female,15 to 24 years,part-time,no
392,2,2,2,4,2,1,2,4,female,45 to 59 years,full-time,no
393,1,1,1,5,1,5,3,1,female,45 to 59 years,part-time,no
394,3,2,2,4,2,2,2,3,female,45 to 59 years,part-time,no
395,3,1,5,5,5,5,1,1,female,45 to 59 years,full-time,no
396,1,4,2,4,2,4,5,4,male,25 to 44 years,full-time,yes
397,1,5,2,1,1,2,2,5,female,25 to 44 years,part-time,no
398,1,5,2,3,1,3,4,1,male,25 to 44 years,full-time,no
399,2,4,3,3,2,3,3,3,female,25 to 44 years,part-time,yes
400,3,2,2,5,3,3,2,5,female,45 to 59 years,part-time,no
401,2,4,2,4,2,3,2,2,male,45 to 59 years,full-time,no
402,1,5,5,5,2,5,2,2,male,45 to 59 years,full-time,no
403,2,3,5,4,4,3,3,4,female,25 to 44 years,full-time,no
404,4,2,1,1,1,2,3,3,female,25 to 44 years,full-time,yes
405,1,3,4,3,3,4,3,3,male,25 to 44 years,full-time,no
406,3,3,2,2,2,3,2,5,male,25 to 44 years,full-time,no
407,2,2,2,2,2,3,3,4,male,45 to 59 years,full-time,yes
408,2,2,2,5,2,4,3,1,male,45 to 59 years,full-time,no
409,2,4,2,2,2,2,3,4,female,25 to 44 years,full-time,no
410,3,2,4,4,2,3,1,3,male,60+ years,full-time,no
411,1,3,2,2,2,2,3,5,female,45 to 59 years,part-time,no
412,2,4,2,2,1,4,2,3,female,25 to 44 years,part-time,yes
413,3,2,3,4,4,4,3,2,female,25 to 44 years,full-time,no
414,2,2,4,5,2,5,4,5,male,45 to 59 years,full-time,no
415,3,1,4,5,4,5,3,2,female,25 to 44 years,full-time,yes
416,1,5,2,2,2,4,1,5,female,45 to 59 years,full-time,no
417,2,2,2,2,2,4,2,3,female,25 to 44 years,full-time,yes
418,1,5,2,2,2,4,1,1,female,45 to 59 years,full-time,no
419,4,1,5,5,5,5,3,1,male,45 to 59 years,full-time,no
420,3,2,4,5,2,5,4,4,male,25 to 44 years,full-time,no
421,3,4,2,2,2,2,3,4,female,45 to 59 years,part-time,no
422,4,2,5,3,3,2,1,3,female,45 to 59 years,full-time,no
423,2,3,3,2,2,4,3,3,female,25 to 44 years,part-time,no
424,2,4,1,2,2,1,4,4,female,45 to 59 years,part-time,no
425,2,4,2,2,2,2,2,3,male,25 to 44 years,full-time,no
426,3,2,3,3,2,3,2,2,male,25 to 44 years,full-time,yes
427,1,4,2,1,1,2,3,5,female,45 to 59 years,full-time,no
428,1,5,1,1,1,1,2,4,female,15 to 24 years,full-time,yes
429,2,3,4,4,4,4,3,3,male,25 to 44 years,full-time,yes
430,2,4,2,2,1,2,3,2,male,45 to 59 years,full-time,no
431,4,1,3,3,3,2,3,3,female,25 to 44 years,full-time,no
432,2,1,4,2,2,2,3,1,male,15 to 24 years,full-time,no
433,1,4,2,4,4,5,4,5,male,15 to 24 years,full-time,no
434,2,4,4,5,3,2,3,4,female,25 to 44 years,full-time,no
435,1,4,2,3,2,3,2,4,female,25 to 44 years,part-time,yes
436,1,5,1,1,1,2,2,3,female,25 to 44 years,part-time,yes
437,3,2,2,2,2,3,5,3,male,15 to 24 years,part-time,no
438,3,5,5,5,1,1,5,5,male,15 to 24 years,full-time,no
439,2,4,2,3,3,4,3,5,female,25 to 44 years,full-time,yes
440,2,4,2,2,2,2,4,3,male,15 to 24 years,full-time,yes
441,2,4,1,3,1,4,3,4,male,25 to 44 years,full-time,yes
442,1,4,4,4,2,4,4,2,female,25 to 44 years,full-time,yes
443,1,5,1,2,1,2,3,4,male,45 to 59 years,full-time,no
444,3,2,4,4,3,2,3,2,male,25 to 44 years,full-time,no
445,2,4,2,3,2,2,3,2,male,25 to 44 years,full-time,no
446,4,1,5,5,5,1,3,2,male,25 to 44 years,full-time,yes
447,4,5,5,5,5,3,2,5,female,60+ years,part-time,no
448,1,2,2,4,2,3,3,4,female,45 to 59 years,part-time,no
449,2,4,2,4,2,4,2,2,female,45 to 59 years,part-time,no
450,1,4,2,4,2,2,3,1,male,25 to 44 years,full-time,yes
451,3,1,5,1,1,5,3,1,male,15 to 24 years,full-time,no
452,2,2,1,4,2,3,5,5,female,25 to 44 years,full-time,yes
453,3,2,2,4,2,2,2,2,male,60+ years,part-time,no
454,1,4,1,2,2,2,3,2,female,45 to 59 years,full-time,no
455,4,1,5,5,5,1,1,5,male,25 to 44 years,full-time,no
456,3,4,5,2,2,5,1,4,male,45 to 59 years,full-time,no
457,2,5,2,5,1,3,2,3,female,45 to 59 years,full-time,no
458,2,4,2,2,2,1,2,4,female,25 to 44 years,full-time,no
459,2,4,4,4,3,3,3,2,male,45 to 59 years,full-time,no
460,2,4,2,2,2,2,2,3,female,25 to 44 years,part-time,yes
461,3,2,1,2,1,4,3,1,male,45 to 59 years,full-time,no
462,3,1,4,5,4,4,5,1,male,45 to 59 years,full-time,no
463,2,3,2,3,2,2,2,5,female,45 to 59 years,part-time,no
464,2,3,2,3,2,4,3,3,male,45 to 59 years,full-time,no
465,2,4,1,2,1,2,2,2,male,45 to 59 years,part-time,no
466,3,2,4,5,3,5,3,3,female,25 to 44 years,full-time,yes
467,3,2,4,4,4,4,2,4,male,25 to 44 years,full-time,yes
468,2,4,3,4,4,5,2,2,male,45 to 59 years,full-time,no
469,2,2,4,4,3,4,3,2,male,45 to 59 years,full-time,no
470,1,4,2,2,2,2,3,2,female,25 to 44 years,full-time,yes
471,2,4,1,2,1,2,3,2,male,45 to 59 years,full-time,yes
472,2,4,2,3,2,5,3,5,female,45 to 59 years,full-time,no
473,1,5,1,2,1,2,3,4,female,25 to 44 years,full-time,no
474,3,1,2,4,4,2,2,4,male,45 to 59 years,full-time,no
475,4,4,4,5,3,4,2,3,male,25 to 44 years,full-time,no
476,2,5,4,4,2,4,3,4,male,45 to 59 years,full-time,yes
477,1,4,3,5,3,2,4,3,male,15 to 24 years,full-time,no
478,1,4,1,2,1,1,3,5,female,25 to 44 years,full-time,no
479,2,2,2,4,2,3,3,4,female,25 to 44 years,part-time,yes
480,1,5,1,1,1,2,4,2,male,25 to 44 years,full-time,no
481,2,3,2,2,2,2,2,5,female,25 to 44 years,full-time,yes
482,2,4,2,3,3,2,3,2,male,45 to 59 years,full-time,no
483,3,4,2,4,4,4,3,5,female,25 to 44 years,part-time,yes
484,3,2,3,3,3,2,4,1,male,60+ years,full-time,no
485,4,1,5,5,5,5,3,2,male,60+ years,full-time,yes
486,2,4,3,3,1,4,5,2,male,15 to 24 years,full-time,no
487,2,4,2,2,2,1,2,2,female,25 to 44 years,part-time,yes
488,2,3,2,3,2,2,2,2,male,45 to 59 years,full-time,no
489,2,2,2,4,2,3,2,2,female,45 to 59 years,part-time,no
490,2,4,2,2,2,5,4,4,male,25 to 44 years,full-time,yes
491,3,1,4,5,5,2,2,4,male,45 to 59 years,full-time,yes
492,2,2,4,4,3,2,2,1,male,45 to 59 years,full-time,no
493,3,2,4,4,4,4,2,4,female,45 to 59 years,part-time,no
494,1,4,2,3,1,4,4,2,female,25 to 44 years,full-time,yes
495,2,5,2,3,2,2,4,5,female,15 to 24 years,full-time,yes
496,4,3,4,3,3,3,3,2,male,15 to 24 years,full-time,yes
497,1,5,2,2,1,2,3,5,male,60+ years,part-time,no
498,1,2,2,2,2,3,2,5,female,45 to 59 years,full-time,no
499,3,3,3,3,2,4,2,3,female,25 to 44 years,part-time,yes
500,2,4,2,2,2,3,1,2,male,25 to 44 years,full-time,yes
501,2,1,2,4,2,5,1,5,male,60+ years,full-time,no
502,2,4,3,3,2,3,3,4,female,25 to 44 years,full-time,yes
503,3,2,2,3,2,2,3,1,male,60+ years,part-time,no
504,3,4,2,3,2,2,2,3,female,25 to 44 years,full-time,no
505,3,2,4,4,4,2,3,2,male,15 to 24 years,full-time,yes
506,2,3,1,2,1,2,3,3,female,45 to 59 years,part-time,yes
507,2,4,2,4,2,4,3,4,female,45 to 59 years,full-time,no
508,1,5,1,1,1,1,2,5,male,45 to 59 years,full-time,no
509,1,4,2,1,1,2,3,5,female,25 to 44 years,full-time,yes
510,1,4,2,2,2,2,2,2,female,45 to 59 years,full-time,no
511,2,4,2,3,2,2,3,3,female,25 to 44 years,part-time,yes
512,2,3,2,2,2,3,4,4,male,25 to 44 years,full-time,yes
513,1,5,2,3,2,2,5,3,male,15 to 24 years,full-time,no
514,2,4,1,2,2,4,4,3,female,25 to 44 years,full-time,no
515,2,1,3,4,2,2,3,3,female,60+ years,full-time,no
516,1,5,2,3,2,3,3,3,male,60+ years,full-time,no
517,2,1,2,3,2,2,3,4,female,45 to 59 years,part-time,no
518,2,4,2,2,2,3,4,2,male,25 to 44 years,full-time,no
519,1,3,1,1,1,1,3,4,female,25 to 44 years,full-time,no
520,2,4,2,2,1,2,3,3,female,25 to 44 years,full-time,yes
521,1,4,2,2,2,3,3,2,female,45 to 59 years,full-time,no
522,2,2,2,4,1,4,3,2,male,25 to 44 years,full-time,yes
523,3,2,2,4,2,4,2,2,female,45 to 59 years,part-time,no
524,1,5,2,4,1,2,4,1,male,45 to 59 years,full-time,no
525,3,2,4,3,3,2,2,4,male,25 to 44 years,full-time,no
526,4,5,1,1,1,2,3,1,male,25 to 44 years,full-time,yes
527,2,2,1,3,3,3,3,3,male,15 to 24 years,full-time,no
528,2,2,4,2,2,4,2,1,male,45 to 59 years,full-time,yes
529,2,3,2,3,2,4,4,3,male,45 to 59 years,full-time,yes
530,1,4,1,3,2,5,2,3,female,25 to 44 years,full-time,no
531,2,4,3,3,2,3,3,4,female,15 to 24 years,full-time,no
532,3,2,2,4,3,4,2,4,female,25 to 44 years,full-time,no
533,1,2,2,3,2,5,4,4,male,60+ years,full-time,no
534,3,2,2,4,2,5,1,4,female,25 to 44 years,part-time,yes
535,1,5,1,2,1,2,2,1,male,45 to 59 years,full-time,yes
536,2,2,2,4,2,3,3,3,female,25 to 44 years,part-time,yes
537,1,5,1,2,1,4,3,3,female,25 to 44 years,full-time,yes
538,2,3,2,4,2,4,3,3,female,25 to 44 years,full-time,no
539,2,4,2,2,2,5,3,4,female,25 to 44 years,full-time,yes
540,2,3,2,2,2,3,4,4,female,25 to 44 years,part-time,yes
541,1,3,2,2,2,2,3,5,male,25 to 44 years,full-time,yes
542,3,2,4,4,2,2,4,2,male,60+ years,full-time,no
543,2,5,2,2,2,2,3,5,female,15 to 24 years,part-time,yes
544,2,2,4,4,3,4,3,2,female,25 to 44 years,full-time,yes
545,2,2,1,4,1,2,2,4,female,15 to 24 years,full-time,no
546,2,4,4,4,2,4,3,4,male,25 to 44 years,full-time,yes
547,1,4,2,2,2,3,4,3,female,60+ years,part-time,no
548,2,2,4,3,2,2,4,2,male,45 to 59 years,full-time,no
549,2,1,4,4,4,4,2,5,female,25 to 44 years,full-time,no
550,2,5,1,1,1,2,1,2,male,45 to 59 years,full-time,no
551,2,3,2,4,2,4,4,3,male,25 to 44 years,full-time,no
552,1,4,1,2,2,4,3,4,female,25 to 44 years,full-time,no
553,4,4,5,5,5,2,1,3,female,45 to 59 years,part-time,no
554,2,5,1,2,1,2,2,3,female,60+ years,part-time,no
555,2,3,2,2,2,2,2,2,male,45 to 59 years,full-time,no
556,4,1,5,4,5,3,5,3,female,25 to 44 years,part-time,yes
557,2,2,2,4,2,4,4,5,female,45 to 59 years,full-time,yes
558,2,5,1,2,2,2,2,4,female,25 to 44 years,part-time,yes
559,3,1,2,3,2,3,2,2,female,45 to 59 years,full-time,no
560,2,4,2,4,2,2,2,4,female,25 to 44 years,full-time,yes
561,1,5,1,1,1,1,1,5,female,25 to 44 years,full-time,yes
562,1,5,1,3,2,2,1,5,female,25 to 44 years,part-time,yes
563,4,1,5,5,5,5,5,5,male,25 to 44 years,full-time,no
564,2,5,2,2,2,2,3,4,female,45 to 59 years,part-time,no
565,2,2,2,2,2,5,2,5,female,25 to 44 years,full-time,no
566,2,4,4,3,2,2,2,2,male,25 to 44 years,full-time,yes
567,2,1,3,4,3,2,2,2,male,25 to 44 years,full-time,no
568,1,5,1,1,1,2,4,5,male,25 to 44 years,full-time,no
569,2,2,5,5,4,5,2,2,female,25 to 44 years,full-time,yes
570,4,1,4,5,4,2,3,2,male,25 to 44 years,full-time,no
571,1,5,1,2,1,2,2,2,female,25 to 44 years,part-time,yes
572,3,2,5,5,4,4,2,2,female,15 to 24 years,part-time,yes
573,3,1,2,5,2,2,3,4,male,45 to 59 years,full-time,no
574,2,4,2,4,2,4,2,4,male,15 to 24 years,part-time,no
575,2,4,3,3,3,4,3,5,female,45 to 59 years,full-time,yes
576,2,3,2,2,2,3,3,2,male,45 to 59 years,full-time,no
577,1,5,2,2,1,2,4,4,female,25 to 44 years,full-time,yes
578,1,4,2,3,2,3,2,3,male,25 to 44 years,full-time,yes
579,4,5,2,2,1,1,3,5,female,25 to 44 years,full-time,yes
580,1,5,1,2,2,3,3,4,female,25 to 44 years,part-time,yes
581,2,4,2,2,2,3,3,4,male,45 to 59 years,full-time,no
582,2,4,1,2,2,2,2,5,female,25 to 44 years,part-time,yes
583,1,4,2,2,2,2,2,3,male,45 to 59 years,full-time,no
584,2,4,2,4,2,2,4,3,female,15 to 24 years,part-time,no
585,2,2,3,3,2,4,2,2,male,45 to 59 years,part-time,no
586,2,4,2,5,2,4,4,3,female,45 to 59 years,full-time,no
587,2,2,2,4,2,4,2,3,male,25 to 44 years,full-time,no
588,4,1,4,5,3,4,5,2,male,45 to 59 years,full-time,no
589,1,5,3,3,2,3,1,3,female,60+ years,part-time,no
590,2,4,2,3,2,4,3,4,female,25 to 44 years,full-time,yes
591,2,2,2,3,2,4,2,1,male,25 to 44 years,full-time,no
592,1,5,1,1,1,2,3,5,female,25 to 44 years,full-time,no
593,1,4,2,2,2,3,2,3,female,25 to 44 years,full-time,yes
594,2,2,2,5,2,4,4,5,male,25 to 44 years,full-time,no
595,3,2,3,4,4,3,2,1,male,60+ years,full-time,no
596,2,3,1,4,2,3,3,2,female,25 to 44 years,part-time,yes
597,1,2,2,2,1,2,4,2,female,60+ years,full-time,no
598,2,3,3,3,2,5,3,2,male,45 to 59 years,full-time,no
599,2,2,2,5,2,3,4,3,female,45 to 59 years,part-time,no
600,1,4,2,2,2,2,2,2,female,45 to 59 years,full-time,yes
601,2,2,2,2,2,2,4,5,female,45 to 59 years,part-time,no
602,3,2,2,4,2,3,3,1,male,60+ years,part-time,yes
603,1,4,1,2,1,2,2,2,male,45 to 59 years,full-time,no
604,1,5,2,4,2,1,3,3,female,45 to 59 years,full-time,no
605,1,4,2,2,1,2,2,5,female,25 to 44 years,part-time,yes
606,2,3,1,2,2,2,3,3,female,25 to 44 years,full-time,no
607,2,4,1,2,2,2,2,2,male,45 to 59 years,full-time,no
608,3,2,4,4,4,2,2,1,male,60+ years,part-time,no
609,1,2,2,2,2,3,4,3,female,15 to 24 years,part-time,yes
610,2,2,2,3,2,2,3,3,female,25 to 44 years,full-time,yes
611,1,5,2,4,1,4,2,2,female,45 to 59 years,part-time,no
612,1,4,2,2,1,2,3,3,male,25 to 44 years,full-time,no
613,3,2,3,4,2,5,3,1,male,25 to 44 years,full-time,yes
614,2,4,2,2,2,2,3,1,male,45 to 59 years,full-time,no
615,2,4,1,1,1,2,3,5,female,25 to 44 years,full-time,yes
616,2,4,2,3,2,2,5,2,male,60+ years,part-time,no
617,2,3,3,4,3,2,2,1,male,60+ years,part-time,no
618,1,5,3,3,1,2,2,5,female,45 to 59 years,full-time,no
619,2,4,1,2,1,5,1,2,male,45 to 59 years,full-time,yes
620,3,2,3,4,4,5,4,2,female,25 to 44 years,full-time,no
621,2,3,2,4,2,2,3,3,female,25 to 44 years,part-time,yes
622,2,4,2,3,2,2,4,3,male,15 to 24 years,full-time,no
623,1,4,2,3,1,3,4,1,female,45 to 59 years,part-time,no
624,1,5,2,1,1,2,3,3,male,25 to 44 years,full-time,no
625,1,5,1,4,2,2,4,1,male,45 to 59 years,full-time,yes
626,2,2,2,2,2,3,3,4,female,15 to 24 years,part-time,no
627,2,4,2,3,2,4,1,2,male,45 to 59 years,full-time,yes
628,1,5,2,5,2,5,3,1,male,25 to 44 years,full-time,no
629,1,2,2,3,2,5,2,2,male,25 to 44 years,full-time,no
630,2,4,2,3,2,4,4,4,female,25 to 44 years,full-time,yes
631,2,4,3,3,3,3,3,3,male,15 to 24 years,full-time,no
632,3,1,1,5,1,2,1,1,male,25 to 44 years,full-time,yes
633,2,4,2,2,1,3,2,1,male,45 to 59 years,full-time,no
634,1,2,2,2,2,4,4,2,male,25 to 44 years,full-time,yes
635,1,2,2,2,2,5,2,2,female,45 to 59 years,part-time,yes
636,1,3,2,3,3,3,3,5,male,15 to 24 years,part-time,no
637,2,3,2,4,4,4,3,5,female,25 to 44 years,part-time,yes
638,1,5,1,1,1,1,3,3,male,45 to 59 years,full-time,no
639,1,5,2,2,2,4,3,5,male,25 to 44 years,full-time,yes
640,2,1,2,4,2,2,3,3,male,15 to 24 years,full-time,no
641,4,1,5,5,5,2,3,1,male,45 to 59 years,full-time,no
642,2,4,1,2,2,2,2,1,male,45 to 59 years,full-time,no
643,1,5,1,1,1,2,4,2,male,25 to 44 years,full-time,no
644,3,2,3,4,3,5,2,2,female,45 to 59 years,part-time,no
645,2,5,1,1,2,3,2,2,male,60+ years,full-time,no
646,2,3,1,2,1,2,2,1,male,45 to 59 years,full-time,no
647,4,1,4,4,3,5,1,2,male,45 to 59 years,full-time,yes
648,2,5,1,2,1,1,2,3,female,60+ years,part-time,no
649,2,3,4,4,4,3,2,5,male,45 to 59 years,full-time,no
650,1,2,2,4,4,3,2,3,male,25 to 44 years,full-time,no
651,2,3,2,3,2,4,3,3,male,45 to 59 years,full-time,yes
652,2,4,4,4,2,4,3,4,female,25 to 44 years,full-time,no
653,2,3,3,4,2,4,4,2,female,15 to 24 years,full-time,no
654,2,4,2,2,2,3,4,4,male,25 to 44 years,full-time,no
655,1,5,2,2,2,3,4,5,male,25 to 44 years,full-time,yes
656,2,5,2,2,1,4,4,4,male,60+ years,full-time,no
657,2,4,2,2,2,3,2,2,male,45 to 59 years,full-time,yes
658,4,2,5,5,5,5,3,5,male,45 to 59 years,full-time,no
659,2,4,2,2,2,2,3,4,female,15 to 24 years,full-time,no
660,1,4,1,1,1,2,1,2,female,45 to 59 years,part-time,no
661,2,4,2,2,2,5,3,5,female,25 to 44 years,full-time,yes
662,1,4,3,4,3,5,2,3,male,25 to 44 years,full-time,no
663,3,3,2,4,4,2,2,1,male,60+ years,full-time,no
664,2,2,4,3,3,4,3,2,male,25 to 44 years,full-time,no
665,1,3,4,5,3,2,3,3,female,45 to 59 years,part-time,no
666,2,4,2,2,2,2,4,3,female,45 to 59 years,full-time,no
667,1,5,2,2,2,2,2,4,male,25 to 44 years,full-time,yes
668,2,4,2,2,2,2,3,3,female,45 to 59 years,part-time,no
669,4,3,4,3,2,4,2,1,male,25 to 44 years,full-time,yes
670,3,1,4,4,3,4,3,1,male,45 to 59 years,full-time,yes
671,4,1,5,5,5,5,2,2,male,45 to 59 years,full-time,no
672,1,5,2,2,2,2,3,3,female,45 to 59 years,part-time,no
673,4,2,4,4,3,3,3,2,female,45 to 59 years,full-time,no
674,2,3,2,2,2,2,3,1,male,25 to 44 years,full-time,yes
675,2,3,2,3,2,3,2,1,female,25 to 44 years,full-time,yes
676,2,2,3,4,2,4,4,5,male,25 to 44 years,full-time,no
677,2,3,2,1,1,3,3,1,male,45 to 59 years,full-time,no
678,1,4,1,1,1,2,2,2,male,45 to 59 years,full-time,no
679,2,3,2,2,2,2,4,4,male,25 to 44 years,full-time,yes
680,2,3,2,3,2,4,3,2,male,60+ years,part-time,no
681,2,3,2,3,2,2,4,2,male,15 to 24 years,full-time,no
682,2,4,2,2,2,4,4,2,male,45 to 59 years,full-time,yes
683,2,2,2,3,4,3,2,2,male,25 to 44 years,full-time,no
684,3,2,4,4,3,3,2,5,female,45 to 59 years,part-time,no
685,3,2,3,4,2,4,3,1,female,25 to 44 years,part-time,yes
686,3,2,4,5,2,5,3,4,female,25 to 44 years,part-time,yes
687,2,3,2,3,2,3,2,5,female,45 to 59 years,full-time,no
688,1,5,2,2,2,3,3,4,male,60+ years,full-time,no
689,2,2,2,2,2,2,3,3,male,45 to 59 years,part-time,yes
690,2,4,2,2,2,4,3,3,male,25 to 44 years,full-time,yes
691,2,3,2,4,2,2,2,5,female,45 to 59 years,part-time,yes
692,2,2,3,3,3,4,2,4,male,45 to 59 years,full-time,no
693,2,2,1,1,2,2,3,5,female,25 to 44 years,full-time,no
694,1,5,2,2,1,2,3,5,female,45 to 59 years,full-time,yes
695,2,4,2,3,2,4,4,2,female,25 to 44 years,part-time,no
696,2,2,2,2,2,2,2,2,female,60+ years,full-time,no
697,2,2,2,2,2,2,3,4,female,45 to 59 years,part-time,yes
698,1,5,1,1,1,1,3,5,male,60+ years,part-time,no
699,4,1,2,5,2,2,3,1,male,60+ years,full-time,no
700,2,4,1,1,1,1,5,3,male,15 to 24 years,full-time,no
701,2,1,4,3,4,5,2,2,male,45 to 59 years,full-time,no
702,2,2,2,4,2,4,3,2,male,25 to 44 years,full-time,yes
703,2,3,3,4,2,2,4,2,male,25 to 44 years,full-time,no
704,1,5,1,1,1,1,2,5,female,45 to 59 years,full-time,no
705,1,2,4,1,4,1,5,4,male,25 to 44 years,full-time,no
706,4,1,1,2,2,5,1,5,male,25 to 44 years,full-time,no
707,4,5,2,2,2,2,1,3,female,45 to 59 years,full-time,no
708,1,5,2,2,2,2,5,4,male,45 to 59 years,full-time,no
709,2,5,4,4,2,2,3,5,female,45 to 59 years,full-time,no
710,1,5,1,3,1,1,5,3,female,45 to 59 years,part-time,yes
711,2,2,3,4,2,3,5,1,male,25 to 44 years,full-time,no
712,1,4,2,3,2,3,3,4,male,60+ years,full-time,no
713,1,5,1,1,1,1,3,3,male,25 to 44 years,full-time,yes
714,3,2,2,3,1,1,2,4,female,25 to 44 years,full-time,yes
715,3,1,3,4,2,4,2,1,male,25 to 44 years,full-time,no
716,3,2,2,4,4,3,2,1,male,45 to 59 years,full-time,no
717,2,5,5,4,5,3,4,5,female,45 to 59 years,part-time,yes
718,3,3,2,3,2,3,3,3,male,25 to 44 years,full-time,no
719,3,1,4,5,3,5,3,1,male,60+ years,full-time,no
720,2,4,2,4,3,2,3,2,male,25 to 44 years,full-time,no
721,4,1,5,5,5,1,2,3,male,45 to 59 years,full-time,no
722,3,2,5,5,5,4,3,2,female,25 to 44 years,full-time,yes
723,1,2,2,2,1,3,2,5,female,25 to 44 years,part-time,yes
724,4,2,2,2,2,3,4,3,male,45 to 59 years,full-time,no
725,2,2,2,2,2,4,3,2,male,45 to 59 years,full-time,no
726,1,3,1,2,2,2,2,5,male,25 to 44 years,full-time,no
727,2,3,2,2,2,4,1,4,female,25 to 44 years,part-time,yes
728,1,5,2,2,2,4,2,2,female,15 to 24 years,full-time,no
729,2,2,3,4,2,2,2,5,female,45 to 59 years,full-time,yes
730,3,1,4,4,2,4,3,4,male,15 to 24 years,part-time,no
731,1,5,1,1,1,1,1,5,male,60+ years,part-time,no
732,4,2,2,4,3,1,4,5,female,60+ years,full-time,no
733,1,3,2,4,4,2,4,4,female,25 to 44 years,part-time,yes
734,1,1,5,5,5,2,2,2,male,15 to 24 years,full-time,no
735,2,1,2,4,1,3,3,4,male,25 to 44 years,full-time,yes
736,4,1,5,5,5,4,2,2,male,45 to 59 years,full-time,no
737,3,3,3,3,3,3,3,1,male,45 to 59 years,full-time,no
738,2,2,3,3,3,1,3,3,male,45 to 59 years,full-time,no
739,2,3,3,3,3,2,3,3,male,25 to 44 years,full-time,no
740,3,2,4,5,2,1,2,4,male,60+ years,full-time,no
741,2,4,2,2,1,3,2,4,female,25 to 44 years,part-time,yes
742,3,1,4,4,4,4,3,2,male,45 to 59 years,part-time,no
743,1,4,2,3,2,4,2,3,female,45 to 59 years,full-time,no
744,1,2,4,4,3,5,3,5,female,25 to 44 years,full-time,no
745,2,2,3,4,3,4,5,5,male,25 to 44 years,full-time,no
746,2,5,2,2,1,2,2,5,male,45 to 59 years,full-time,yes
747,2,1,4,3,2,2,2,2,female,45 to 59 years,full-time,no
748,2,1,5,5,4,4,4,3,male,15 to 24 years,full-time,no
749,4,1,1,5,3,2,2,1,male,25 to 44 years,full-time,no
750,1,5,1,2,2,4,2,2,male,25 to 44 years,full-time,yes
751,4,1,2,4,3,2,2,1,male,25 to 44 years,full-time,no
752,1,5,2,1,1,1,2,2,male,45 to 59 years,full-time,no
753,3,2,2,5,2,5,2,2,male,45 to 59 years,full-time,yes
754,1,4,4,4,4,5,4,2,male,45 to 59 years,part-time,no
755,2,2,2,4,3,5,3,2,male,25 to 44 years,full-time,no
756,1,1,2,2,2,3,2,3,male,25 to 44 years,full-time,yes
757,3,2,4,4,3,5,2,3,male,45 to 59 years,full-time,no
758,4,1,4,5,5,5,2,2,male,45 to 59 years,full-time,yes
759,1,4,2,2,2,2,2,4,female,25 to 44 years,full-time,yes
760,1,2,3,3,2,2,5,1,female,25 to 44 years,part-time,yes
761,2,3,2,3,2,4,4,2,male,25 to 44 years,full-time,no
762,2,2,2,1,2,1,4,1,female,15 to 24 years,part-time,yes
763,3,2,4,4,4,2,3,2,male,45 to 59 years,full-time,no
764,1,5,2,4,2,2,1,2,female,25 to 44 years,part-time,yes
765,4,2,2,4,2,4,3,2,male,25 to 44 years,full-time,yes
766,2,1,5,5,5,5,2,2,female,60+ years,part-time,no
767,1,5,2,2,2,2,2,3,male,25 to 44 years,full-time,yes
768,1,4,2,2,2,3,2,1,male,45 to 59 years,full-time,no
769,1,4,1,4,2,3,2,2,male,45 to 59 years,full-time,no
770,2,2,2,4,2,2,2,3,female,25 to 44 years,full-time,yes
771,3,2,4,2,2,1,4,5,male,25 to 44 years,part-time,yes
772,1,5,1,2,1,2,3,3,female,25 to 44 years,part-time,yes
773,1,5,2,2,2,2,2,3,male,25 to 44 years,full-time,yes
774,2,2,2,3,2,4,3,1,male,45 to 59 years,full-time,no
775,4,1,5,5,4,5,5,4,female,25 to 44 years,full-time,no
776,3,2,4,5,5,4,3,3,male,25 to 44 years,full-time,no
777,4,2,1,2,1,2,1,3,female,25 to 44 years,part-time,yes
778,2,4,2,2,2,5,3,4,male,25 to 44 years,full-time,yes
779,3,2,4,4,4,5,3,4,male,15 to 24 years,full-time,no
780,2,2,3,4,2,3,3,2,female,25 to 44 years,part-time,yes
781,2,2,2,2,2,4,4,4,male,15 to 24 years,full-time,no
782,3,2,3,4,2,4,1,1,female,45 to 59 years,full-time,no
783,3,2,2,4,2,4,1,4,female,25 to 44 years,full-time,no
784,2,3,2,2,2,4,4,3,female,45 to 59 years,part-time,yes
785,2,4,2,3,2,2,2,3,female,25 to 44 years,full-time,no
786,4,1,5,5,5,5,4,5,male,45 to 59 years,full-time,no
787,2,3,3,3,3,2,2,4,male,45 to 59 years,full-time,no
788,3,2,3,3,3,4,2,2,male,45 to 59 years,full-time,yes
789,1,3,4,3,1,4,1,5,female,45 to 59 years,full-time,no
790,1,5,4,2,2,1,1,3,female,45 to 59 years,full-time,yes
791,2,2,4,4,2,3,2,2,female,45 to 59 years,part-time,no
792,1,1,5,5,5,5,4,1,male,15 to 24 years,full-time,no
793,3,1,3,5,4,5,1,4,male,25 to 44 years,full-time,yes
794,2,1,4,4,3,4,2,2,male,25 to 44 years,part-time,yes
795,4,2,2,5,3,4,3,4,female,15 to 24 years,part-time,no
796,2,3,2,4,2,3,3,2,male,45 to 59 years,full-time,no
797,2,5,2,3,2,4,1,2,male,45 to 59 years,full-time,yes
798,2,4,2,2,2,4,3,2,female,45 to 59 years,full-time,no
799,2,4,3,2,3,3,3,2,male,25 to 44 years,full-time,yes
800,1,4,2,2,2,4,3,2,male,45 to 59 years,full-time,no
801,2,4,2,4,1,4,2,2,male,25 to 44 years,full-time,no
802,3,2,1,2,2,3,2,5,female,25 to 44 years,full-time,no
803,4,1,5,4,4,4,2,2,female,60+ years,part-time,no
804,2,4,2,4,2,3,3,2,female,15 to 24 years,full-time,yes
805,1,4,2,2,2,4,2,4,male,45 to 59 years,full-time,yes
806,2,3,2,4,2,4,4,1,female,45 to 59 years,part-time,yes
807,1,4,2,3,2,3,3,2,female,45 to 59 years,full-time,no
808,4,1,2,4,4,2,2,2,male,25 to 44 years,full-time,yes
809,2,4,3,2,2,4,2,2,male,25 to 44 years,full-time,yes
810,2,4,1,2,2,3,3,3,male,25 to 44 years,full-time,no
811,4,2,5,3,2,2,2,5,male,15 to 24 years,full-time,no
812,2,3,2,2,1,2,4,4,male,25 to 44 years,full-time,yes
813,2,3,3,4,3,3,3,5,female,25 to 44 years,part-time,yes
814,2,5,2,2,2,5,4,2,male,45 to 59 years,full-time,no
815,1,5,2,1,1,2,1,3,female,45 to 59 years,part-time,yes
816,3,2,4,5,3,5,1,2,female,15 to 24 years,part-time,no
817,3,1,4,4,3,4,2,4,female,45 to 59 years,full-time,no
818,1,4,1,2,2,3,3,3,male,45 to 59 years,part-time,no
819,2,3,2,3,2,4,3,4,female,25 to 44 years,full-time,yes
820,4,2,5,5,5,5,1,5,male,45 to 59 years,full-time,no
821,2,5,1,5,2,2,1,2,male,45 to 59 years,full-time,yes
822,2,2,2,2,2,2,3,2,female,25 to 44 years,part-time,yes
823,2,3,3,3,3,4,1,4,female,25 to 44 years,full-time,yes
824,2,2,3,3,3,4,3,1,male,45 to 59 years,part-time,no
825,2,5,2,2,2,3,3,1,male,25 to 44 years,full-time,yes
826,1,4,2,2,2,3,2,2,female,25 to 44 years,full-time,yes
827,1,4,2,3,2,5,3,4,female,15 to 24 years,full-time,no
828,4,2,5,5,4,2,1,2,female,60+ years,full-time,no
829,2,5,2,4,2,3,3,3,female,25 to 44 years,full-time,yes
830,1,5,1,1,1,4,3,5,female,25 to 44 years,full-time,yes
831,1,2,2,2,2,3,3,3,male,25 to 44 years,full-time,no
832,3,2,2,4,2,4,4,2,female,45 to 59 years,full-time,no
833,2,1,3,3,2,1,4,2,male,25 to 44 years,full-time,no
834,3,3,2,3,2,1,2,3,male,45 to 59 years,full-time,no
835,1,4,1,3,2,5,2,5,female,45 to 59 years,full-time,yes
836,2,4,5,4,4,5,4,4,female,15 to 24 years,part-time,yes
837,1,5,2,1,2,5,3,4,female,25 to 44 years,part-time,yes
838,2,3,2,2,5,2,4,2,female,45 to 59 years,part-time,no
839,2,3,2,2,2,2,3,3,male,15 to 24 years,full-time,no
840,1,3,2,2,2,2,3,2,male,25 to 44 years,full-time,no
841,1,5,2,4,1,2,2,5,female,25 to 44 years,full-time,yes
842,1,2,2,1,2,1,4,2,female,45 to 59 years,full-time,yes
843,2,4,1,4,1,2,2,4,female,45 to 59 years,full-time,no
844,1,2,2,4,2,1,1,2,female,45 to 59 years,full-time,no
845,2,4,2,2,3,5,2,4,female,25 to 44 years,full-time,yes
846,2,3,2,3,2,2,2,4,male,45 to 59 years,full-time,no
847,2,4,3,3,3,4,3,2,male,45 to 59 years,full-time,no
848,3,2,3,4,4,4,3,4,female,25 to 44 years,part-time,yes
849,1,4,2,3,3,2,2,5,female,25 to 44 years,full-time,no
850,2,2,2,2,4,5,4,1,female,15 to 24 years,part-time,yes
851,4,1,5,5,5,5,2,3,female,45 to 59 years,part-time,yes
852,2,4,1,1,1,4,4,2,male,15 to 24 years,full-time,no
853,2,2,2,2,2,2,3,1,male,60+ years,part-time,no
854,2,4,1,2,1,2,3,2,female,25 to 44 years,full-time,no
855,1,4,2,3,2,2,4,5,male,25 to 44 years,full-time,yes
856,1,5,2,3,3,1,3,5,female,15 to 24 years,part-time,yes
857,2,4,3,4,2,5,4,5,female,25 to 44 years,part-time,no
858,4,5,2,2,1,2,2,5,male,25 to 44 years,full-time,no
859,1,4,2,4,2,3,3,1,male,25 to 44 years,full-time,yes
860,1,4,2,2,2,3,2,3,male,45 to 59 years,full-time,yes
861,4,1,2,4,4,2,3,5,male,25 to 44 years,full-time,no
862,1,3,1,2,2,2,5,1,male,45 to 59 years,full-time,yes
863,2,3,2,2,2,3,4,3,female,25 to 44 years,full-time,no
864,2,4,2,2,2,3,3,4,female,25 to 44 years,full-time,no
865,2,2,2,5,2,4,4,1,female,25 to 44 years,full-time,no
866,2,3,3,2,3,3,3,3,female,25 to 44 years,full-time,no
867,4,1,4,5,2,2,2,2,male,45 to 59 years,full-time,no
868,1,4,1,2,1,2,3,5,female,25 to 44 years,part-time,yes
869,2,3,3,3,2,2,3,2,male,60+ years,part-time,yes
870,1,3,2,3,2,3,4,5,female,45 to 59 years,part-time,no
871,1,5,1,4,1,2,3,4,male,25 to 44 years,full-time,no
872,1,5,1,1,1,1,3,5,female,45 to 59 years,part-time,yes
873,2,5,1,1,1,1,3,1,male,45 to 59 years,full-time,no
874,3,2,2,4,2,1,2,2,female,15 to 24 years,part-time,no
875,3,2,4,4,2,2,3,1,male,25 to 44 years,full-time,yes
876,2,4,2,3,2,3,2,4,female,15 to 24 years,full-time,no
877,2,2,2,4,2,2,4,2,male,15 to 24 years,part-time,no
878,2,4,2,3,3,3,2,2,male,45 to 59 years,full-time,yes
879,2,3,1,2,2,2,4,4,female,25 to 44 years,part-time,no
880,1,4,2,2,1,3,2,4,male,45 to 59 years,full-time,no
881,1,3,2,2,2,2,4,4,male,45 to 59 years,full-time,no
882,2,3,2,2,2,3,3,4,male,25 to 44 years,full-time,no
883,2,2,3,5,5,5,3,2,female,25 to 44 years,part-time,yes
884,2,5,3,4,4,4,2,2,female,60+ years,part-time,no
885,1,4,2,4,1,2,3,5,female,25 to 44 years,full-time,no
886,4,5,2,2,1,2,2,5,female,45 to 59 years,full-time,no
887,1,4,3,3,1,4,3,5,male,45 to 59 years,full-time,yes
888,1,3,3,3,3,3,2,5,male,45 to 59 years,full-time,yes
889,1,5,2,4,2,1,1,5,male,25 to 44 years,full-time,yes
890,1,5,1,1,1,2,2,1,male,45 to 59 years,full-time,no
891,3,2,4,4,4,2,2,2,male,45 to 59 years,full-time,no
892,2,2,2,3,3,2,3,5,female,15 to 24 years,full-time,yes
893,2,5,5,2,4,4,2,1,male,25 to 44 years,full-time,no
894,2,2,2,4,2,4,3,4,female,25 to 44 years,full-time,yes
895,2,4,2,4,2,3,4,3,male,45 to 59 years,full-time,yes
896,1,4,1,2,1,2,3,2,female,45 to 59 years,part-time,yes
897,2,2,2,4,4,4,4,2,female,15 to 24 years,full-time,yes
898,3,2,2,4,3,4,2,2,male,45 to 59 years,part-time,no
899,3,1,4,4,3,4,3,2,male,45 to 59 years,full-time,yes
900,1,1,5,2,2,2,1,1,female,45 to 59 years,part-time,no
901,2,3,2,4,2,5,4,1,female,25 to 44 years,part-time,yes
902,1,5,1,1,1,1,2,4,male,45 to 59 years,full-time,no
903,2,3,2,4,3,4,3,3,male,25 to 44 years,full-time,no
904,1,4,2,4,2,4,3,2,female,15 to 24 years,part-time,yes
905,4,3,2,2,2,5,3,3,female,25 to 44 years,full-time,yes
906,3,2,4,5,4,4,2,2,female,45 to 59 years,part-time,no
907,1,4,2,2,1,1,2,4,male,45 to 59 years,full-time,no
908,1,5,1,2,1,2,4,4,male,25 to 44 years,part-time,yes
909,3,2,2,3,2,2,2,2,male,25 to 44 years,full-time,yes
910,1,1,1,2,1,5,4,4,male,25 to 44 years,full-time,yes
911,2,4,3,2,3,3,2,1,male,25 to 44 years,full-time,yes
912,2,2,2,4,2,2,2,5,female,45 to 59 years,full-time,no
913,3,3,3,2,3,5,2,4,female,25 to 44 years,full-time,no
914,2,4,2,3,2,4,4,5,female,25 to 44 years,full-time,yes
915,2,4,2,3,2,4,2,1,male,45 to 59 years,full-time,no
916,2,4,2,3,2,4,2,2,male,45 to 59 years,full-time,no
917,3,2,1,2,2,4,4,4,male,25 to 44 years,full-time,no
918,3,1,1,3,1,4,2,2,female,25 to 44 years,part-time,yes
919,2,2,2,4,2,2,3,4,male,25 to 44 years,full-time,no
920,1,4,4,1,3,3,2,2,male,45 to 59 years,full-time,no
921,2,4,4,4,4,2,1,3,female,25 to 44 years,part-time,yes
922,1,4,1,2,1,4,4,4,female,45 to 59 years,full-time,no
923,2,4,2,2,2,5,2,4,male,60+ years,full-time,no
924,3,1,2,2,1,2,4,2,male,25 to 44 years,full-time,no
925,1,4,2,2,1,2,2,5,female,25 to 44 years,full-time,no
926,1,5,2,2,2,1,3,4,female,45 to 59 years,full-time,yes
927,2,3,2,2,2,5,2,5,female,25 to 44 years,part-time,yes
928,2,4,2,2,2,5,2,4,female,45 to 59 years,part-time,yes
929,1,2,1,2,1,5,3,1,male,45 to 59 years,full-time,yes
930,1,2,2,2,2,2,4,3,female,45 to 59 years,part-time,no
931,3,1,4,5,4,4,3,2,male,45 to 59 years,full-time,no
932,2,4,1,2,1,5,4,4,female,25 to 44 years,full-time,no
933,2,3,2,2,2,2,2,2,female,25 to 44 years,full-time,no
934,3,1,4,4,4,2,2,3,male,25 to 44 years,full-time,no
935,2,4,2,3,2,3,3,3,male,45 to 59 years,full-time,no
936,2,2,2,2,2,2,4,4,male,45 to 59 years,full-time,no
937,1,5,2,2,2,4,3,4,male,25 to 44 years,full-time,no
938,2,4,2,2,2,2,2,5,male,25 to 44 years,full-time,yes
939,2,3,2,4,2,2,2,3,female,45 to 59 years,full-time,no
940,2,2,4,4,2,4,1,5,female,45 to 59 years,part-time,yes
941,3,2,2,2,2,5,3,4,female,25 to 44 years,full-time,yes
942,1,2,2,2,1,4,3,2,male,25 to 44 years,full-time,no
943,2,3,3,3,2,3,4,5,female,15 to 24 years,part-time,yes
944,2,4,1,2,1,2,4,3,male,25 to 44 years,full-time,no
945,2,3,2,2,2,3,2,3,female,25 to 44 years,part-time,no
946,1,4,2,2,1,5,5,1,male,25 to 44 years,full-time,no
947,1,3,4,4,2,3,1,2,male,45 to 59 years,full-time,no
948,3,2,3,4,4,1,2,4,female,25 to 44 years,full-time,no
949,4,5,5,5,5,4,3,1,male,45 to 59 years,full-time,yes
950,4,3,2,1,1,4,2,3,female,25 to 44 years,part-time,no
951,1,3,2,2,2,3,3,4,female,25 to 44 years,full-time,no
952,2,4,1,4,1,4,3,1,male,15 to 24 years,full-time,no
953,2,4,4,2,1,2,4,2,male,25 to 44 years,full-time,no
954,2,4,2,2,2,2,4,3,male,25 to 44 years,full-time,no
955,3,2,3,2,2,5,3,5,female,60+ years,part-time,no
956,3,2,2,3,2,3,2,2,male,25 to 44 years,full-time,yes
957,2,4,1,1,1,2,2,3,male,25 to 44 years,part-time,yes
958,1,4,1,1,1,2,2,3,female,45 to 59 years,full-time,no
959,2,4,4,4,2,2,4,2,male,25 to 44 years,full-time,no
960,1,2,2,2,2,2,4,1,male,25 to 44 years,full-time,no
