ppt,life_sat,worthwhile,happy,anxious,relationship,physical_health,mental_wellbeing,financial,work,balance,local,health,gender,age_group,marital,education,employment,occupation
15,8,9,9,2,10,8,10,7,5,10,9,good_to_bad,male,45to54,married,no_degree,full_time,managerial_professional
18,7,8,8,0,10,8,8,4,8,5,8,good_to_bad,male,45to54,married,no_degree,full_time,routine_manual
54,9,9,8,7,7,7,9,7,9,6,8,very_good,female,45to54,widowed_divorced_sep,no_degree,part_time,managerial_professional
67,9,9,8,1,9,6,9,9,8,8,10,good_to_bad,female,25to44,married,degree,part_time,intermediate
89,10,10,10,0,9,9,10,9,9,10,10,very_good,male,45to54,married,no_degree,full_time,intermediate
96,7,6,4,9,10,7,8,8,7,7,8,good_to_bad,male,55to64,married,no_degree,full_time,managerial_professional
114,5,7,7,3,10,4,4,0,2,3,3,good_to_bad,female,25to44,married,degree,full_time,managerial_professional
122,7,6,8,2,8,7,8,8,6,9,7,good_to_bad,female,25to44,single,degree,full_time,managerial_professional
167,3,5,5,6,1,7,7,1,8,7,4,very_good,male,25to44,widowed_divorced_sep,degree,full_time,managerial_professional
176,8,8,9,0,9,7,8,7,3,6,8,good_to_bad,male,45to54,married,no_degree,full_time,managerial_professional
195,2,1,2,8,10,0,10,8,10,4,10,good_to_bad,male,55to64,married,no_degree,part_time,managerial_professional
200,7,9,9,0,10,9,9,9,2,6,9,very_good,female,25to44,married,no_degree,part_time,routine_manual
201,3,5,9,0,5,10,10,5,10,8,10,very_good,male,55to64,married,no_degree,full_time,intermediate
213,9,9,9,0,9,9,8,9,9,9,9,good_to_bad,male,55to64,married,degree,part_time,managerial_professional
216,8,9,8,1,9,7,8,8,8,5,9,good_to_bad,male,45to54,single,no_degree,full_time,managerial_professional
220,7,9,9,0,7,6,8,6,9,9,8,very_good,female,25to44,single,degree,full_time,routine_manual
232,8,7,7,6,10,10,10,8,8,10,8,very_good,male,25to44,single,degree,full_time,managerial_professional
277,8,9,8,1,10,9,10,8,8,7,10,good_to_bad,female,16to24,single,degree,full_time,managerial_professional
346,7,9,9,0,10,6,9,6,4,10,8,good_to_bad,male,25to44,married,no_degree,full_time,routine_manual
350,10,10,10,0,10,10,10,10,10,10,10,very_good,female,25to44,married,no_degree,part_time,routine_manual
354,7,10,10,7,10,7,9,6,5,6,10,good_to_bad,male,55to64,widowed_divorced_sep,no_degree,full_time,intermediate
411,9,9,7,5,9,8,7,8,7,9,9,very_good,male,55to64,married,degree,part_time,managerial_professional
412,8,8,3,7,10,9,10,9,7,6,10,very_good,female,25to44,married,no_degree,full_time,managerial_professional
422,7,5,7,5,8,6,6,8,5,5,8,good_to_bad,male,25to44,married,degree,full_time,managerial_professional
458,5,5,6,3,5,9,7,8,8,7,5,very_good,female,25to44,widowed_divorced_sep,no_degree,full_time,managerial_professional
460,5,7,8,2,10,4,5,2,2,5,10,good_to_bad,female,55to64,widowed_divorced_sep,no_degree,full_time,routine_manual
465,9,9,9,1,10,9,7,8,6,7,8,very_good,female,25to44,married,degree,part_time,managerial_professional
483,10,9,8,0,10,9,10,10,9,10,10,very_good,female,16to24,single,no_degree,part_time,routine_manual
486,9,8,9,1,8,7,9,8,7,6,6,very_good,male,25to44,married,no_degree,full_time,managerial_professional
492,6,7,8,7,10,9,9,6,3,6,8,very_good,male,25to44,married,no_degree,full_time,managerial_professional
514,8,10,8,5,8,5,5,7,9,7,9,good_to_bad,female,45to54,married,no_degree,part_time,routine_manual
525,8,7,6,6,5,5,7,6,6,3,7,very_good,male,25to44,single,degree,full_time,managerial_professional
525,8,8,8,4,6,8,8,8,7,7,9,good_to_bad,female,45to54,widowed_divorced_sep,degree,part_time,managerial_professional
535,8,9,8,2,8,8,9,8,6,3,9,very_good,male,45to54,married,degree,full_time,managerial_professional
536,7,5,6,9,7,7,7,4,5,5,8,good_to_bad,female,55to64,widowed_divorced_sep,no_degree,part_time,intermediate
557,8,7,8,0,10,8,10,7,8,7,4,good_to_bad,male,45to54,married,degree,full_time,managerial_professional
584,8,10,10,0,10,6,10,3,10,10,10,good_to_bad,female,25to44,single,no_degree,part_time,managerial_professional
588,9,8,10,0,9,9,9,9,8,7,9,very_good,female,25to44,married,no_degree,part_time,intermediate
593,9,10,7,2,10,9,9,8,8,9,9,good_to_bad,female,45to54,married,no_degree,part_time,intermediate
628,9,10,9,0,10,6,9,8,10,7,7,good_to_bad,male,25to44,married,no_degree,full_time,intermediate
629,8,8,7,2,9,4,9,7,7,8,7,good_to_bad,female,55to64,married,no_degree,part_time,routine_manual
641,8,8,5,9,10,7,5,5,4,7,8,good_to_bad,female,25to44,single,degree,full_time,managerial_professional
645,8,8,8,2,10,7,9,10,7,8,9,good_to_bad,female,55to64,married,no_degree,full_time,intermediate
674,8,8,7,2,8,7,7,7,5,7,5,good_to_bad,male,25to44,married,no_degree,full_time,managerial_professional
675,10,8,8,0,10,10,10,8,8,10,8,very_good,female,25to44,married,no_degree,full_time,managerial_professional
682,9,9,9,3,8,7,8,7,6,7,8,good_to_bad,female,25to44,married,degree,part_time,managerial_professional
684,8,9,9,0,10,10,8,9,9,5,10,good_to_bad,female,55to64,widowed_divorced_sep,degree,full_time,managerial_professional
686,8,8,10,8,10,8,10,7,10,10,10,good_to_bad,female,55to64,married,no_degree,part_time,routine_manual
690,8,8,7,0,9,8,9,7,7,6,7,very_good,female,25to44,married,degree,full_time,managerial_professional
719,8,9,8,0,10,7,8,8,9,8,6,good_to_bad,female,45to54,married,no_degree,full_time,intermediate
733,10,10,10,0,10,10,10,7,10,10,10,very_good,male,45to54,married,no_degree,full_time,routine_manual
755,9,9,9,2,10,10,8,10,4,4,9,very_good,female,25to44,single,degree,full_time,managerial_professional
756,8,8,9,1,10,7,8,9,4,3,8,good_to_bad,female,45to54,married,no_degree,part_time,intermediate
794,7,3,7,7,10,6,9,7,5,6,8,good_to_bad,female,16to24,married,no_degree,full_time,intermediate
796,8,8,8,0,9,8,7,8,7,10,8,good_to_bad,male,55to64,widowed_divorced_sep,no_degree,full_time,routine_manual
806,7,9,6,3,8,7,8,6,7,9,9,good_to_bad,female,45to54,married,no_degree,full_time,managerial_professional
816,8,9,7,2,8,8,9,5,6,8,7,good_to_bad,female,55to64,married,degree,part_time,managerial_professional
828,6,7,7,4,5,5,7,5,5,2,2,good_to_bad,female,45to54,widowed_divorced_sep,no_degree,full_time,intermediate
831,10,9,10,0,9,9,10,9,8,8,8,very_good,male,45to54,married,no_degree,full_time,managerial_professional
839,10,10,9,4,10,10,8,5,9,4,10,good_to_bad,male,25to44,widowed_divorced_sep,degree,full_time,intermediate
858,8,7,9,2,9,7,7,8,5,5,9,good_to_bad,male,55to64,married,no_degree,full_time,managerial_professional
869,9,9,10,2,9,9,8,7,9,9,7,very_good,male,25to44,married,degree,full_time,managerial_professional
879,8,8,5,9,10,10,10,9,5,3,10,very_good,female,25to44,married,degree,part_time,managerial_professional
899,7,9,7,4,9,9,9,7,7,7,5,very_good,female,16to24,single,degree,full_time,managerial_professional
901,8,8,7,3,6,8,8,8,9,5,7,very_good,male,16to24,single,degree,full_time,managerial_professional
936,9,9,10,0,8,9,9,10,9,10,10,very_good,male,45to54,married,no_degree,full_time,managerial_professional
940,9,8,10,0,7,9,9,7,7,8,10,good_to_bad,female,25to44,single,no_degree,full_time,routine_manual
974,8,5,9,7,9,8,8,8,8,7,8,good_to_bad,female,25to44,married,no_degree,full_time,intermediate
994,8,8,3,8,10,8,8,10,6,5,8,good_to_bad,female,45to54,married,degree,full_time,managerial_professional
996,8,10,10,0,8,5,10,8,8,6,8,very_good,male,25to44,married,no_degree,full_time,managerial_professional
1024,7,6,7,3,7,2,3,5,5,9,4,good_to_bad,male,45to54,married,no_degree,full_time,managerial_professional
1112,9,9,8,0,8,10,9,9,8,8,8,very_good,female,25to44,married,degree,part_time,intermediate
1192,8,8,7,2,9,6,9,6,5,6,9,good_to_bad,female,25to44,married,degree,part_time,routine_manual
1204,5,5,5,3,10,5,10,4,4,3,7,good_to_bad,male,16to24,single,no_degree,part_time,routine_manual
1207,7,6,7,2,8,8,8,8,4,7,10,very_good,male,55to64,widowed_divorced_sep,degree,full_time,managerial_professional
1211,8,8,8,2,9,9,8,7,9,7,7,good_to_bad,male,45to54,married,no_degree,full_time,routine_manual
1235,8,8,8,0,9,6,8,5,8,9,2,good_to_bad,female,25to44,married,no_degree,full_time,routine_manual
1247,9,8,8,3,8,9,9,6,9,9,8,very_good,female,25to44,married,no_degree,full_time,managerial_professional
1251,8,8,5,5,8,6,8,9,5,5,7,good_to_bad,female,25to44,married,degree,full_time,managerial_professional
1252,8,8,10,0,10,8,7,7,5,9,7,good_to_bad,female,45to54,widowed_divorced_sep,no_degree,full_time,routine_manual
1261,8,9,8,0,8,8,8,7,8,8,9,good_to_bad,male,45to54,married,no_degree,full_time,intermediate
1271,9,9,10,0,10,10,10,8,8,8,10,very_good,female,45to54,widowed_divorced_sep,no_degree,full_time,managerial_professional
1328,8,9,10,1,10,8,10,4,2,1,4,very_good,male,25to44,married,degree,full_time,managerial_professional
1333,6,4,7,0,0,3,8,2,2,6,9,good_to_bad,male,55to64,single,no_degree,part_time,routine_manual
1346,7,8,8,8,9,8,9,8,8,8,9,very_good,male,55to64,married,degree,full_time,managerial_professional
1384,9,10,10,2,10,9,9,10,9,9,9,very_good,female,25to44,married,degree,full_time,managerial_professional
1389,5,5,5,7,7,3,7,3,5,3,7,good_to_bad,female,45to54,widowed_divorced_sep,no_degree,full_time,managerial_professional
1436,7,7,5,7,7,7,5,1,4,5,7,good_to_bad,male,25to44,single,no_degree,full_time,managerial_professional
1437,7,7,5,0,10,4,5,5,9,8,3,good_to_bad,female,25to44,single,no_degree,part_time,routine_manual
1440,7,6,5,3,9,5,9,7,6,8,8,very_good,male,16to24,single,degree,full_time,managerial_professional
1447,8,8,5,7,10,8,9,9,7,9,8,very_good,male,25to44,married,degree,full_time,managerial_professional
1461,9,7,8,4,9,8,9,9,8,7,9,very_good,female,55to64,widowed_divorced_sep,degree,full_time,managerial_professional
1475,10,10,10,0,8,10,10,7,9,9,5,very_good,male,25to44,single,degree,full_time,routine_manual
1490,8,8,8,5,8,6,8,7,6,5,8,very_good,male,45to54,married,degree,full_time,managerial_professional
1490,8,9,5,3,10,6,6,5,8,8,8,very_good,female,16to24,single,no_degree,part_time,routine_manual
1494,5,6,7,4,6,9,9,5,5,5,7,very_good,female,25to44,single,no_degree,full_time,routine_manual
1532,10,10,10,0,10,9,10,5,8,10,9,very_good,female,25to44,married,no_degree,part_time,intermediate
1541,7,8,6,6,9,9,8,3,8,8,9,very_good,female,25to44,married,degree,full_time,managerial_professional
1549,8,8,7,3,7,8,10,6,8,8,7,good_to_bad,female,25to44,married,degree,full_time,managerial_professional
1563,7,7,8,4,8,4,4,4,4,6,8,good_to_bad,male,45to54,married,no_degree,part_time,intermediate
1591,7,8,8,6,9,7,9,6,6,7,7,very_good,male,16to24,single,no_degree,full_time,intermediate
1600,8,9,10,2,10,5,8,5,10,5,8,good_to_bad,female,55to64,widowed_divorced_sep,no_degree,full_time,routine_manual
1616,5,5,5,5,8,6,9,5,3,3,10,good_to_bad,male,45to54,married,no_degree,full_time,routine_manual
1663,7,9,10,0,8,6,8,4,8,3,7,good_to_bad,female,45to54,married,degree,full_time,managerial_professional
1666,4,6,5,1,8,6,5,3,5,7,7,very_good,male,55to64,widowed_divorced_sep,no_degree,part_time,managerial_professional
1699,5,9,9,0,10,10,10,7,10,9,10,good_to_bad,male,45to54,widowed_divorced_sep,no_degree,full_time,managerial_professional
1771,8,7,8,3,8,8,9,3,5,4,7,very_good,male,25to44,married,no_degree,part_time,managerial_professional
1775,7,8,9,0,8,9,10,8,6,1,8,good_to_bad,male,25to44,single,no_degree,full_time,routine_manual
1777,8,8,9,3,10,7,8,9,9,8,8,very_good,male,25to44,married,degree,full_time,managerial_professional
1780,7,8,5,0,9,8,10,7,10,9,9,good_to_bad,male,45to54,married,no_degree,full_time,routine_manual
1791,9,9,6,0,9,7,8,8,8,9,8,very_good,female,25to44,married,no_degree,full_time,routine_manual
1798,9,8,7,5,10,6,8,8,9,7,7,very_good,female,25to44,married,no_degree,full_time,managerial_professional
1805,7,7,7,8,5,8,8,6,7,8,9,good_to_bad,male,55to64,single,no_degree,full_time,routine_manual
1807,7,8,8,8,9,8,7,5,8,8,9,very_good,female,25to44,single,degree,full_time,managerial_professional
1811,8,10,10,7,8,10,10,7,8,5,8,very_good,male,25to44,married,no_degree,full_time,routine_manual
1818,10,9,8,0,10,10,10,1,6,5,9,very_good,male,16to24,single,no_degree,full_time,routine_manual
1827,8,8,10,2,9,7,8,9,7,6,10,very_good,male,25to44,married,degree,full_time,managerial_professional
1836,6,7,7,3,9,5,8,10,10,7,9,good_to_bad,female,25to44,single,no_degree,full_time,intermediate
1837,10,9,7,2,10,7,7,7,8,6,9,good_to_bad,male,45to54,married,no_degree,full_time,intermediate
1843,7,10,8,3,10,5,9,6,8,9,9,very_good,female,25to44,widowed_divorced_sep,degree,part_time,managerial_professional
1854,8,8,8,1,10,7,9,7,7,8,10,very_good,female,25to44,married,degree,part_time,managerial_professional
1857,6,6,8,0,7,5,5,8,8,9,10,good_to_bad,female,25to44,widowed_divorced_sep,no_degree,part_time,intermediate
1882,5,7,5,5,7,8,5,5,7,5,8,very_good,male,45to54,married,no_degree,full_time,managerial_professional
1902,8,9,7,10,10,9,9,8,7,6,8,very_good,female,45to54,married,degree,full_time,managerial_professional
1916,7,10,10,5,10,10,10,10,10,9,5,very_good,female,25to44,widowed_divorced_sep,degree,full_time,intermediate
2038,9,7,10,0,10,8,10,9,8,5,10,very_good,male,45to54,married,no_degree,full_time,routine_manual
2045,10,10,10,0,10,8,10,8,10,8,10,good_to_bad,male,55to64,married,no_degree,full_time,managerial_professional
2052,9,9,9,0,9,9,9,8,9,3,9,good_to_bad,male,25to44,married,no_degree,full_time,routine_manual
2080,10,9,10,0,10,10,10,10,8,8,6,good_to_bad,male,25to44,married,no_degree,full_time,routine_manual
2090,9,7,9,0,10,8,10,7,8,3,6,good_to_bad,male,16to24,married,no_degree,full_time,routine_manual
2090,8,8,7,0,10,7,8,8,9,5,9,very_good,male,25to44,single,degree,full_time,managerial_professional
2091,8,10,7,7,10,9,10,10,8,8,10,good_to_bad,male,55to64,widowed_divorced_sep,no_degree,part_time,routine_manual
2095,7,9,8,1,7,8,9,8,9,8,10,good_to_bad,female,45to54,married,degree,part_time,managerial_professional
2097,2,7,5,0,8,4,10,3,8,7,2,good_to_bad,male,55to64,widowed_divorced_sep,no_degree,full_time,managerial_professional
2114,8,9,9,0,10,10,10,7,7,7,10,very_good,male,45to54,married,no_degree,full_time,routine_manual
2118,8,8,9,4,10,9,10,8,9,7,9,very_good,male,25to44,married,degree,full_time,managerial_professional
2125,8,9,6,6,9,7,9,9,8,8,8,good_to_bad,female,55to64,widowed_divorced_sep,degree,part_time,intermediate
2137,7,5,9,0,7,4,7,5,6,4,9,good_to_bad,female,45to54,married,no_degree,full_time,intermediate
2144,7,8,7,0,8,6,6,8,2,0,8,good_to_bad,male,25to44,married,no_degree,full_time,intermediate
2149,10,10,10,1,8,10,9,8,8,8,9,very_good,female,25to44,married,degree,part_time,routine_manual
2164,6,10,3,8,3,4,2,1,8,4,10,good_to_bad,male,45to54,widowed_divorced_sep,no_degree,full_time,intermediate
2184,7,7,6,3,8,9,9,6,7,6,5,very_good,female,25to44,married,degree,part_time,intermediate
2191,10,10,5,8,10,10,10,8,8,7,9,very_good,male,25to44,married,no_degree,full_time,intermediate
2221,3,7,3,7,5,5,2,4,6,8,5,good_to_bad,male,25to44,single,degree,full_time,managerial_professional
2222,10,10,10,0,10,10,10,8,8,10,5,very_good,female,55to64,married,no_degree,full_time,intermediate
2244,10,10,10,1,10,4,10,8,10,8,6,good_to_bad,female,25to44,married,degree,full_time,managerial_professional
2267,8,9,9,0,9,9,9,10,10,9,10,very_good,male,25to44,married,no_degree,full_time,routine_manual
2284,9,9,10,0,10,9,9,9,7,8,9,good_to_bad,female,45to54,married,no_degree,part_time,managerial_professional
2299,7,7,8,4,9,10,7,6,6,7,7,very_good,female,25to44,single,no_degree,part_time,routine_manual
2336,7,7,7,2,8,5,7,7,6,6,6,good_to_bad,female,45to54,married,no_degree,full_time,managerial_professional
2336,5,5,5,5,10,5,2,5,3,5,6,good_to_bad,female,25to44,single,no_degree,part_time,routine_manual
2341,8,7,5,5,8,6,7,7,6,3,8,very_good,female,16to24,married,degree,full_time,managerial_professional
2343,10,9,10,1,10,8,8,10,10,5,8,very_good,female,16to24,married,no_degree,full_time,managerial_professional
2362,4,6,10,5,10,10,10,3,10,3,10,good_to_bad,female,25to44,married,no_degree,part_time,routine_manual
2390,8,9,8,1,9,9,8,7,7,8,10,very_good,female,25to44,married,no_degree,part_time,intermediate
2403,7,7,6,6,6,7,5,4,7,7,5,very_good,female,16to24,single,degree,part_time,managerial_professional
2417,9,5,6,7,4,5,6,7,4,3,4,very_good,male,45to54,married,no_degree,full_time,routine_manual
2432,8,5,9,1,6,8,8,5,6,5,6,very_good,male,25to44,married,no_degree,full_time,intermediate
2432,7,8,7,5,7,9,7,4,7,8,7,very_good,female,25to44,married,no_degree,full_time,intermediate
2438,7,8,8,6,7,5,4,6,3,2,7,good_to_bad,male,25to44,married,degree,full_time,managerial_professional
2474,8,10,8,0,10,10,7,7,10,5,10,good_to_bad,female,25to44,married,no_degree,part_time,routine_manual
2489,5,9,8,0,10,6,10,3,5,8,8,very_good,female,25to44,widowed_divorced_sep,no_degree,part_time,routine_manual
2490,8,8,7,3,9,6,8,7,9,8,8,very_good,female,45to54,married,degree,part_time,intermediate
2526,7,7,6,5,7,6,8,7,7,5,7,good_to_bad,male,55to64,married,degree,full_time,managerial_professional
2538,8,8,8,0,10,7,8,10,8,10,7,good_to_bad,female,45to54,married,degree,part_time,managerial_professional
2554,9,9,10,0,10,8,10,8,8,10,10,good_to_bad,male,45to54,married,no_degree,full_time,routine_manual
2575,9,10,9,9,10,8,10,9,9,3,8,very_good,female,25to44,married,no_degree,full_time,managerial_professional
2577,8,8,10,0,10,10,10,7,9,10,6,very_good,female,25to44,single,no_degree,part_time,routine_manual
2590,10,10,9,0,10,8,10,10,9,7,10,good_to_bad,female,55to64,married,no_degree,part_time,routine_manual
2607,0,5,0,10,5,5,2,6,5,5,7,good_to_bad,male,45to54,single,no_degree,full_time,intermediate
2621,8,10,9,5,9,10,9,3,9,9,7,very_good,female,25to44,married,degree,full_time,managerial_professional
2666,7,8,4,7,9,8,8,7,6,9,9,good_to_bad,female,45to54,single,no_degree,full_time,managerial_professional
2683,8,8,9,7,8,5,9,6,7,2,9,good_to_bad,male,25to44,single,no_degree,full_time,routine_manual
2684,8,8,9,3,10,8,8,8,8,5,7,good_to_bad,female,25to44,single,degree,full_time,managerial_professional
2706,9,9,9,0,9,8,10,9,8,6,4,very_good,female,25to44,married,degree,full_time,managerial_professional
2711,10,8,10,1,10,10,9,9,10,9,10,very_good,male,55to64,widowed_divorced_sep,no_degree,full_time,routine_manual
2718,9,9,8,0,6,8,9,9,10,9,8,very_good,male,55to64,single,no_degree,part_time,routine_manual
2797,8,9,8,3,8,8,8,7,6,8,10,very_good,male,25to44,married,no_degree,full_time,managerial_professional
2808,9,9,9,3,9,9,9,7,7,7,10,very_good,male,25to44,married,degree,full_time,managerial_professional
2819,8,8,8,0,9,7,8,9,9,7,9,very_good,male,45to54,widowed_divorced_sep,degree,full_time,managerial_professional
2842,7,9,7,2,8,5,6,8,10,4,8,good_to_bad,female,45to54,married,degree,full_time,intermediate
2850,5,6,6,3,7,6,9,3,3,2,3,good_to_bad,male,25to44,widowed_divorced_sep,no_degree,full_time,intermediate
2861,8,8,8,7,10,8,7,8,7,3,5,good_to_bad,male,25to44,married,no_degree,full_time,routine_manual
2876,9,9,9,9,10,8,10,7,10,9,8,very_good,female,25to44,married,degree,full_time,intermediate
2886,7,7,8,0,10,10,8,5,8,8,8,very_good,male,25to44,single,no_degree,full_time,managerial_professional
2900,6,6,4,10,5,7,6,2,0,7,10,good_to_bad,female,45to54,married,no_degree,full_time,routine_manual
2902,9,9,9,8,9,9,9,8,7,8,8,very_good,male,45to54,married,degree,full_time,managerial_professional
2909,5,7,3,10,4,6,2,4,5,3,5,very_good,male,45to54,widowed_divorced_sep,no_degree,full_time,routine_manual
2933,5,7,7,0,7,4,8,8,8,5,7,good_to_bad,female,55to64,married,no_degree,full_time,intermediate
2950,7,9,10,3,10,8,10,8,9,8,8,good_to_bad,male,25to44,married,no_degree,full_time,managerial_professional
2965,8,8,6,6,9,9,8,8,0,10,8,very_good,female,25to44,married,degree,part_time,managerial_professional
2966,5,5,5,5,8,5,5,0,4,5,7,good_to_bad,female,45to54,widowed_divorced_sep,no_degree,part_time,intermediate
2971,9,9,9,0,7,7,9,7,9,7,7,good_to_bad,female,55to64,widowed_divorced_sep,degree,part_time,managerial_professional
2997,8,8,9,0,8,7,7,6,6,8,9,very_good,female,25to44,married,degree,part_time,managerial_professional
3011,7,6,8,0,10,6,9,6,7,3,7,good_to_bad,male,16to24,single,degree,part_time,routine_manual
3098,10,9,7,7,10,9,10,9,7,8,10,very_good,female,45to54,married,no_degree,full_time,intermediate
3107,10,10,10,6,10,10,10,9,9,6,7,very_good,female,25to44,married,degree,full_time,intermediate
3111,7,6,9,0,10,6,6,8,7,8,10,very_good,female,25to44,single,no_degree,full_time,intermediate
3114,9,10,8,2,8,8,7,10,9,8,9,very_good,female,25to44,married,degree,part_time,managerial_professional
3114,6,8,5,5,6,8,9,7,7,7,6,very_good,male,16to24,single,no_degree,full_time,routine_manual
3152,8,8,9,9,9,8,9,9,6,3,6,very_good,female,25to44,married,degree,full_time,managerial_professional
3160,10,10,8,0,10,10,10,8,8,9,9,very_good,female,25to44,married,degree,part_time,managerial_professional
3162,5,8,5,4,10,9,5,3,5,5,10,very_good,female,45to54,widowed_divorced_sep,no_degree,full_time,routine_manual
3168,7,8,8,0,9,7,8,7,6,7,7,very_good,male,25to44,married,no_degree,full_time,managerial_professional
3177,4,10,5,5,8,3,5,5,6,5,5,good_to_bad,female,55to64,widowed_divorced_sep,no_degree,full_time,managerial_professional
3194,7,9,7,6,8,8,7,7,8,9,5,good_to_bad,male,45to54,widowed_divorced_sep,degree,full_time,managerial_professional
3197,9,10,8,9,8,7,6,7,8,7,8,good_to_bad,female,45to54,single,degree,part_time,intermediate
3211,8,9,8,2,8,6,8,8,10,10,10,very_good,male,25to44,single,no_degree,full_time,managerial_professional
3247,8,8,9,0,9,8,9,9,9,7,9,good_to_bad,male,55to64,married,no_degree,full_time,managerial_professional
3277,8,8,9,2,9,6,4,4,6,7,10,good_to_bad,female,45to54,widowed_divorced_sep,degree,part_time,managerial_professional
3293,8,9,4,0,10,7,10,6,7,10,7,very_good,male,45to54,married,no_degree,full_time,intermediate
3295,8,9,7,6,10,7,7,10,9,9,5,good_to_bad,female,45to54,married,degree,full_time,managerial_professional
3308,8,8,10,0,6,8,10,8,10,9,4,very_good,female,25to44,married,no_degree,full_time,managerial_professional
3331,8,10,9,4,10,8,8,5,4,2,6,good_to_bad,male,45to54,married,no_degree,full_time,intermediate
3349,8,8,8,3,9,7,7,5,4,8,8,good_to_bad,female,25to44,married,degree,full_time,managerial_professional
3349,9,9,8,1,9,7,9,5,8,7,7,very_good,male,25to44,married,degree,full_time,managerial_professional
3375,7,7,7,0,6,7,7,7,7,8,3,very_good,male,45to54,married,degree,full_time,managerial_professional
3378,8,8,9,8,8,8,10,10,7,5,10,very_good,male,25to44,married,no_degree,full_time,routine_manual
3391,7,7,9,1,6,8,8,7,9,7,7,very_good,male,25to44,widowed_divorced_sep,degree,full_time,managerial_professional
3401,10,10,6,4,10,8,10,10,8,7,9,very_good,female,25to44,married,degree,full_time,managerial_professional
3403,5,6,6,3,9,9,9,5,5,5,9,very_good,female,25to44,single,degree,part_time,intermediate
3404,8,8,7,1,9,9,8,7,7,8,7,very_good,male,45to54,married,no_degree,full_time,routine_manual
3406,8,8,8,5,10,9,7,9,9,7,7,very_good,male,45to54,married,no_degree,full_time,managerial_professional
3430,9,8,9,2,9,8,9,8,8,7,6,very_good,female,25to44,married,no_degree,full_time,managerial_professional
3452,10,10,9,0,10,8,10,7,10,10,7,good_to_bad,female,25to44,single,no_degree,part_time,routine_manual
3507,9,9,7,7,10,10,9,10,10,7,10,good_to_bad,male,55to64,single,no_degree,full_time,routine_manual
3512,8,8,9,0,10,10,9,8,10,9,10,very_good,male,25to44,married,no_degree,full_time,routine_manual
3514,9,9,9,0,10,6,8,5,7,6,9,good_to_bad,male,25to44,married,degree,full_time,routine_manual
3531,7,5,8,8,10,7,7,4,4,2,6,good_to_bad,female,25to44,widowed_divorced_sep,degree,full_time,managerial_professional
3543,8,5,9,2,9,9,9,5,5,4,7,good_to_bad,male,45to54,widowed_divorced_sep,no_degree,full_time,intermediate
3545,7,7,8,2,9,8,7,7,5,1,8,very_good,male,25to44,married,no_degree,full_time,managerial_professional
3553,8,8,7,5,10,8,8,7,5,2,10,very_good,male,25to44,married,no_degree,full_time,managerial_professional
3586,9,9,9,0,9,9,9,10,8,9,9,very_good,male,25to44,married,degree,full_time,managerial_professional
3622,8,10,8,0,10,8,10,10,9,4,10,good_to_bad,female,16to24,single,no_degree,full_time,intermediate
3639,7,8,7,2,7,6,8,6,8,6,7,good_to_bad,male,25to44,married,no_degree,full_time,intermediate
3652,7,4,9,3,10,10,10,2,5,6,8,very_good,male,25to44,single,degree,full_time,managerial_professional
3743,9,9,8,2,10,9,9,7,10,8,10,very_good,male,55to64,married,degree,part_time,managerial_professional
3788,8,8,8,2,10,7,7,7,5,8,7,very_good,female,45to54,married,no_degree,part_time,routine_manual
3829,8,8,7,2,10,9,9,9,8,6,10,good_to_bad,male,25to44,married,degree,full_time,managerial_professional
3834,6,10,3,7,8,8,6,3,7,7,5,good_to_bad,male,25to44,married,no_degree,part_time,routine_manual
3864,8,10,6,10,10,8,8,10,7,3,10,very_good,female,55to64,widowed_divorced_sep,degree,full_time,managerial_professional
3872,8,8,5,5,9,6,9,5,7,8,9,good_to_bad,female,25to44,single,no_degree,part_time,routine_manual
3898,9,10,9,2,10,9,9,8,9,10,8,good_to_bad,female,45to54,married,no_degree,part_time,intermediate
3928,7,6,8,0,4,6,8,5,7,7,7,good_to_bad,male,25to44,single,no_degree,full_time,routine_manual
3928,8,10,8,3,10,8,10,6,7,10,5,very_good,male,25to44,married,no_degree,full_time,intermediate
3930,9,8,10,0,9,6,10,8,9,10,10,good_to_bad,male,25to44,widowed_divorced_sep,no_degree,full_time,intermediate
3932,10,8,7,0,8,5,9,8,7,6,10,very_good,female,55to64,married,no_degree,part_time,managerial_professional
3946,7,7,5,7,8,6,6,7,7,4,9,very_good,female,25to44,single,no_degree,full_time,managerial_professional
3952,5,5,6,4,7,6,7,8,7,5,7,good_to_bad,female,55to64,single,degree,full_time,managerial_professional
3997,9,9,10,0,10,10,10,9,9,8,9,very_good,female,45to54,married,degree,full_time,managerial_professional
4027,8,7,8,3,9,7,8,7,7,6,8,very_good,male,25to44,married,no_degree,full_time,managerial_professional
4032,10,10,8,0,10,7,8,6,6,5,10,good_to_bad,male,55to64,married,no_degree,part_time,intermediate
4037,8,8,6,0,8,6,10,8,5,7,8,good_to_bad,male,45to54,married,no_degree,full_time,routine_manual
4080,8,7,6,5,9,8,7,9,7,3,7,very_good,male,25to44,married,degree,full_time,intermediate
4086,5,8,8,5,10,9,9,2,2,8,10,very_good,female,25to44,widowed_divorced_sep,no_degree,part_time,intermediate
4089,8,9,9,2,9,8,8,9,9,9,8,very_good,female,25to44,married,degree,full_time,managerial_professional
4099,9,9,9,7,9,8,9,9,8,4,9,good_to_bad,male,25to44,married,no_degree,full_time,managerial_professional
4104,7,6,4,2,9,6,9,10,7,2,8,very_good,male,25to44,married,degree,full_time,managerial_professional
4145,7,8,9,0,8,5,9,9,8,6,6,good_to_bad,female,25to44,married,no_degree,full_time,managerial_professional
4152,8,8,0,5,10,10,10,7,6,3,7,very_good,male,25to44,married,no_degree,full_time,routine_manual
4155,0,0,4,0,4,0,0,0,0,5,7,good_to_bad,male,16to24,single,no_degree,part_time,routine_manual
4186,8,8,7,5,8,10,8,7,10,5,6,very_good,female,25to44,married,no_degree,full_time,managerial_professional
4186,8,8,8,2,10,7,10,8,6,6,7,very_good,female,25to44,single,degree,full_time,managerial_professional
4234,10,10,10,0,10,10,10,10,10,10,10,good_to_bad,male,55to64,widowed_divorced_sep,no_degree,full_time,routine_manual
4256,7,8,9,0,8,5,7,4,7,6,9,good_to_bad,female,45to54,married,no_degree,full_time,routine_manual
4287,8,7,8,0,5,8,8,5,8,8,9,good_to_bad,male,45to54,widowed_divorced_sep,no_degree,full_time,routine_manual
4287,9,8,9,2,9,8,9,10,10,9,7,very_good,male,45to54,married,degree,full_time,managerial_professional
4289,10,8,10,0,10,7,9,8,9,9,9,good_to_bad,female,45to54,married,no_degree,part_time,managerial_professional
4319,8,8,8,0,9,9,10,9,9,6,8,very_good,female,25to44,married,degree,full_time,managerial_professional
4320,8,8,8,0,8,8,8,6,8,6,8,good_to_bad,male,25to44,single,no_degree,full_time,routine_manual
4339,8,9,7,0,10,10,10,10,8,7,9,very_good,male,45to54,single,degree,full_time,intermediate
4349,8,10,10,0,7,8,8,7,7,8,10,very_good,male,45to54,married,no_degree,full_time,intermediate
4362,7,8,2,5,10,6,1,3,1,5,7,good_to_bad,female,25to44,married,no_degree,part_time,intermediate
4362,8,7,7,0,9,6,8,6,8,8,8,very_good,male,25to44,married,degree,full_time,managerial_professional
4384,6,8,8,3,5,7,7,4,5,4,4,very_good,male,55to64,widowed_divorced_sep,degree,full_time,intermediate
4391,8,8,9,1,7,9,8,7,8,7,5,good_to_bad,male,45to54,married,no_degree,full_time,intermediate
4446,10,10,10,0,10,10,10,10,10,10,10,good_to_bad,male,45to54,married,no_degree,full_time,routine_manual
4483,7,9,6,0,9,8,8,6,6,10,10,very_good,male,25to44,single,no_degree,full_time,intermediate
4514,8,8,5,5,8,6,9,4,4,5,9,good_to_bad,male,25to44,married,no_degree,full_time,managerial_professional
4562,2,2,5,2,6,10,6,4,3,5,8,very_good,male,25to44,single,no_degree,full_time,routine_manual
4563,0,5,8,9,5,0,1,7,3,5,5,good_to_bad,female,16to24,single,no_degree,part_time,routine_manual
4596,8,9,9,1,7,5,7,8,7,9,9,good_to_bad,female,45to54,married,degree,full_time,managerial_professional
4606,7,7,8,7,9,9,8,9,7,6,8,very_good,male,45to54,married,degree,full_time,managerial_professional
4619,10,10,10,0,10,6,10,10,8,8,10,good_to_bad,female,55to64,widowed_divorced_sep,degree,full_time,intermediate
4623,8,8,5,4,9,8,9,10,8,5,7,very_good,female,45to54,married,no_degree,full_time,managerial_professional
4638,10,8,8,0,10,8,8,8,5,7,6,good_to_bad,male,45to54,married,no_degree,full_time,routine_manual
4669,10,10,9,3,8,5,8,3,3,9,9,good_to_bad,male,16to24,single,no_degree,part_time,routine_manual
4708,7,8,5,1,9,10,10,8,8,8,9,very_good,female,45to54,widowed_divorced_sep,no_degree,part_time,routine_manual
4717,8,8,9,2,10,5,9,5,8,10,8,good_to_bad,female,45to54,married,no_degree,part_time,managerial_professional
4719,10,9,9,1,10,8,10,10,10,9,9,good_to_bad,female,55to64,married,degree,part_time,intermediate
4734,8,8,8,4,9,9,10,10,10,6,9,very_good,female,45to54,widowed_divorced_sep,no_degree,full_time,managerial_professional
4738,9,9,6,4,8,9,9,5,6,5,6,good_to_bad,female,25to44,single,no_degree,full_time,intermediate
4741,5,9,9,0,5,9,8,10,10,10,10,good_to_bad,female,25to44,widowed_divorced_sep,no_degree,part_time,routine_manual
4777,9,9,9,0,9,9,10,9,9,9,9,very_good,male,45to54,single,no_degree,full_time,routine_manual
4800,9,9,10,2,10,8,10,8,7,6,9,very_good,female,45to54,married,no_degree,full_time,intermediate
4807,8,7,8,2,9,6,7,4,6,3,8,good_to_bad,male,25to44,married,degree,full_time,intermediate
4808,8,10,10,1,5,3,8,9,10,5,9,good_to_bad,female,25to44,single,degree,full_time,intermediate
4816,9,10,9,0,8,7,9,9,7,8,8,good_to_bad,female,45to54,single,no_degree,full_time,routine_manual
4819,7,10,8,5,10,10,10,6,7,8,9,very_good,female,25to44,married,degree,part_time,routine_manual
4852,9,9,8,4,10,8,10,6,9,5,6,good_to_bad,female,16to24,single,degree,full_time,managerial_professional
4889,9,9,8,5,8,7,6,8,7,7,9,very_good,female,25to44,married,degree,part_time,managerial_professional
4892,8,7,9,2,8,6,10,8,9,5,6,good_to_bad,male,25to44,married,no_degree,full_time,intermediate
4924,8,9,9,2,10,6,6,7,7,8,10,good_to_bad,male,55to64,married,no_degree,part_time,intermediate
4926,10,8,10,0,8,5,7,10,10,10,8,good_to_bad,female,45to54,single,no_degree,part_time,managerial_professional
4926,3,10,5,2,5,9,4,9,10,5,5,very_good,female,45to54,married,no_degree,part_time,intermediate
4932,9,8,10,5,9,4,9,9,9,7,7,good_to_bad,female,25to44,married,no_degree,part_time,managerial_professional
4944,8,9,7,7,8,6,6,7,8,6,9,good_to_bad,male,55to64,married,degree,full_time,managerial_professional
4964,8,8,9,2,10,8,6,7,8,6,7,good_to_bad,female,25to44,married,degree,full_time,managerial_professional
4968,9,9,9,5,10,5,9,5,8,5,7,good_to_bad,female,25to44,married,no_degree,part_time,routine_manual
4971,8,9,4,8,10,6,7,9,4,4,9,good_to_bad,male,45to54,married,degree,full_time,managerial_professional
4973,8,7,10,3,10,8,10,4,7,6,8,good_to_bad,male,25to44,married,no_degree,full_time,routine_manual
4976,8,8,10,0,8,8,9,5,8,10,8,very_good,female,25to44,married,degree,part_time,routine_manual
5009,8,8,6,3,10,10,10,3,8,3,9,very_good,male,25to44,married,no_degree,full_time,managerial_professional
5039,9,10,10,0,5,8,10,6,5,5,10,very_good,male,25to44,married,degree,part_time,routine_manual
5058,9,9,8,0,9,8,9,9,8,7,6,very_good,male,25to44,married,no_degree,full_time,managerial_professional
5069,8,8,8,1,9,8,8,9,9,9,4,very_good,male,25to44,married,no_degree,full_time,managerial_professional
5069,8,9,10,7,10,8,9,7,7,8,8,very_good,male,25to44,married,no_degree,full_time,intermediate
5078,8,10,7,1,10,9,10,10,8,8,10,good_to_bad,female,45to54,married,no_degree,part_time,intermediate
5092,6,6,5,4,10,5,5,5,6,8,5,very_good,female,25to44,single,no_degree,part_time,routine_manual
5097,8,9,9,2,9,6,8,9,10,7,8,good_to_bad,male,25to44,married,no_degree,full_time,managerial_professional
5099,8,6,9,6,10,7,8,7,9,7,10,very_good,male,25to44,single,no_degree,full_time,managerial_professional
5119,8,10,10,0,10,10,10,10,10,8,10,good_to_bad,male,55to64,married,no_degree,full_time,managerial_professional
5162,10,8,10,0,10,8,9,10,8,3,10,good_to_bad,male,55to64,married,no_degree,full_time,routine_manual
5163,5,5,7,7,9,5,5,8,4,5,8,good_to_bad,male,55to64,married,degree,part_time,intermediate
5164,7,7,8,0,9,7,8,7,8,7,6,good_to_bad,male,45to54,widowed_divorced_sep,no_degree,full_time,managerial_professional
5176,6,8,1,5,8,7,8,6,9,9,7,very_good,male,25to44,married,degree,full_time,managerial_professional
5178,10,10,8,0,10,9,10,10,10,10,7,good_to_bad,female,16to24,married,no_degree,full_time,intermediate
5184,10,8,9,0,10,7,10,6,8,10,9,good_to_bad,male,25to44,married,no_degree,full_time,routine_manual
5195,8,7,9,0,8,9,9,8,5,8,9,very_good,female,16to24,married,no_degree,part_time,routine_manual
5215,9,9,9,8,8,8,9,9,9,10,8,very_good,male,55to64,married,no_degree,full_time,routine_manual
5219,6,8,5,5,9,8,9,9,8,4,2,very_good,male,25to44,married,no_degree,full_time,routine_manual
5234,7,7,8,3,9,4,6,5,3,5,9,good_to_bad,female,45to54,married,no_degree,full_time,managerial_professional
5246,7,9,9,1,9,9,10,4,9,6,8,very_good,male,25to44,married,no_degree,full_time,routine_manual
5269,8,7,7,4,8,8,8,5,8,9,8,very_good,male,55to64,widowed_divorced_sep,no_degree,full_time,intermediate
5305,10,8,5,8,10,6,10,8,8,7,10,very_good,female,25to44,married,degree,full_time,managerial_professional
5306,6,8,5,5,5,6,4,6,2,2,8,good_to_bad,female,25to44,married,degree,part_time,intermediate
5313,8,8,9,5,8,7,9,7,5,4,9,very_good,male,25to44,married,no_degree,full_time,managerial_professional
5333,6,7,5,0,5,4,8,3,6,8,5,good_to_bad,male,25to44,married,no_degree,full_time,managerial_professional
5338,9,10,10,4,10,6,7,6,9,6,9,very_good,male,45to54,married,degree,full_time,managerial_professional
5356,9,8,9,0,9,5,9,9,8,8,8,good_to_bad,male,25to44,single,no_degree,full_time,managerial_professional
5411,9,9,8,7,10,7,8,9,9,8,9,good_to_bad,male,45to54,married,degree,full_time,managerial_professional
5428,8,8,6,6,8,7,7,7,7,8,8,good_to_bad,male,25to44,married,degree,full_time,managerial_professional
5464,8,8,8,1,5,3,8,7,9,2,9,good_to_bad,male,25to44,married,no_degree,full_time,intermediate
5500,10,8,10,8,10,10,10,10,6,9,7,good_to_bad,female,45to54,married,no_degree,full_time,routine_manual
5514,7,7,8,3,9,8,10,8,7,5,8,very_good,male,55to64,widowed_divorced_sep,no_degree,full_time,routine_manual
5569,5,7,5,0,10,8,5,7,7,9,9,good_to_bad,female,45to54,single,no_degree,full_time,routine_manual
5576,7,7,5,5,8,9,9,8,6,8,6,very_good,male,25to44,married,degree,full_time,managerial_professional
5584,8,8,8,1,9,9,9,8,9,8,9,very_good,male,25to44,married,degree,full_time,managerial_professional
5589,8,9,5,0,10,8,7,10,8,6,6,good_to_bad,male,16to24,married,degree,full_time,intermediate
5602,9,8,6,2,10,6,10,10,7,5,10,very_good,female,16to24,married,degree,full_time,managerial_professional
5620,8,8,7,3,10,7,8,8,7,7,8,very_good,male,25to44,married,degree,full_time,managerial_professional
5620,7,7,8,6,9,7,7,7,6,5,10,good_to_bad,male,55to64,married,no_degree,full_time,intermediate
5628,10,10,9,0,10,9,10,9,9,8,10,very_good,male,55to64,married,no_degree,part_time,managerial_professional
5629,8,8,9,0,8,7,8,6,7,5,8,good_to_bad,female,25to44,single,degree,full_time,managerial_professional
5631,8,7,8,0,9,9,9,8,8,8,7,very_good,female,45to54,widowed_divorced_sep,no_degree,full_time,intermediate
5633,8,7,7,5,10,7,9,7,6,4,7,very_good,male,25to44,single,no_degree,full_time,routine_manual
5634,9,8,8,0,8,8,10,9,7,5,8,good_to_bad,male,45to54,married,no_degree,full_time,managerial_professional
5637,4,5,5,2,8,5,5,6,7,8,6,very_good,male,45to54,married,no_degree,full_time,routine_manual
5640,7,7,7,0,7,7,7,4,0,7,7,very_good,female,55to64,widowed_divorced_sep,no_degree,full_time,routine_manual
5662,6,6,9,7,9,8,7,8,7,8,8,very_good,female,25to44,married,no_degree,full_time,managerial_professional
5683,9,9,8,4,10,6,8,8,7,8,9,good_to_bad,female,25to44,married,no_degree,full_time,intermediate
5687,8,8,7,5,10,3,4,6,7,7,8,good_to_bad,female,25to44,married,no_degree,full_time,intermediate
5695,8,7,8,4,10,7,9,8,8,7,7,good_to_bad,female,25to44,married,degree,full_time,routine_manual
5695,5,9,9,1,7,3,6,5,7,5,10,good_to_bad,female,45to54,single,no_degree,full_time,intermediate
5700,10,10,10,0,10,9,10,10,8,9,8,very_good,male,45to54,married,no_degree,full_time,managerial_professional
5700,8,8,7,1,7,9,10,8,9,10,9,very_good,female,45to54,married,degree,part_time,managerial_professional
5708,8,9,3,4,9,9,9,9,10,8,7,good_to_bad,male,25to44,married,no_degree,full_time,routine_manual
5725,8,9,10,0,9,9,9,5,8,6,9,very_good,female,45to54,married,degree,part_time,managerial_professional
5726,8,8,8,2,7,9,9,7,8,9,7,very_good,male,25to44,widowed_divorced_sep,no_degree,full_time,managerial_professional
5752,5,5,8,0,9,6,9,2,5,8,5,good_to_bad,male,16to24,single,no_degree,full_time,routine_manual
5755,6,6,6,4,8,7,7,7,7,7,7,good_to_bad,female,25to44,married,no_degree,part_time,intermediate
5759,7,8,7,4,7,6,9,5,10,4,8,good_to_bad,male,45to54,widowed_divorced_sep,no_degree,full_time,managerial_professional
5763,9,8,7,5,10,8,9,9,7,7,8,good_to_bad,female,45to54,married,degree,full_time,managerial_professional
5766,8,9,8,6,9,9,8,7,9,7,9,very_good,female,45to54,widowed_divorced_sep,no_degree,part_time,routine_manual
5772,9,7,8,2,10,7,9,9,7,6,10,good_to_bad,female,25to44,married,no_degree,full_time,intermediate
5790,8,8,9,0,8,8,9,8,8,7,8,very_good,female,45to54,single,degree,full_time,managerial_professional
5802,7,9,5,9,7,9,9,5,7,7,8,very_good,male,25to44,married,no_degree,full_time,routine_manual
5816,8,6,10,0,9,9,9,7,8,7,9,good_to_bad,male,16to24,single,degree,full_time,routine_manual
5845,8,10,5,0,10,8,5,5,8,5,10,good_to_bad,female,55to64,married,no_degree,full_time,routine_manual
5878,7,7,7,3,9,6,7,6,6,6,8,good_to_bad,male,25to44,single,degree,full_time,managerial_professional
5904,8,7,6,4,8,5,8,8,6,6,9,good_to_bad,male,45to54,married,no_degree,full_time,routine_manual
5923,8,8,6,8,9,7,7,7,8,7,8,good_to_bad,female,25to44,married,degree,part_time,managerial_professional
5950,9,9,6,4,9,10,8,9,8,7,9,very_good,female,25to44,married,no_degree,part_time,routine_manual
5951,10,10,10,8,10,3,10,2,2,10,10,good_to_bad,male,45to54,married,no_degree,part_time,intermediate
5954,7,8,8,2,9,7,9,6,7,7,8,good_to_bad,male,25to44,married,no_degree,full_time,intermediate
5954,8,8,9,7,8,9,8,7,7,6,9,good_to_bad,male,55to64,single,no_degree,full_time,managerial_professional
5955,6,7,7,2,9,4,8,2,5,9,6,good_to_bad,male,55to64,single,degree,full_time,managerial_professional
5964,10,10,9,0,10,9,10,7,7,9,7,very_good,female,25to44,married,degree,full_time,managerial_professional
6001,5,7,9,4,6,6,6,2,5,2,2,good_to_bad,female,25to44,single,degree,full_time,managerial_professional
6001,4,4,8,5,9,9,10,0,1,3,10,very_good,male,16to24,single,degree,part_time,routine_manual
6023,7,7,7,0,8,5,8,6,4,8,9,good_to_bad,male,45to54,married,no_degree,full_time,routine_manual
6048,8,8,7,1,10,9,10,8,10,8,7,very_good,female,25to44,married,degree,full_time,managerial_professional
6051,7,8,10,0,10,7,9,8,8,5,10,good_to_bad,female,55to64,married,no_degree,full_time,intermediate
6062,8,8,7,4,10,8,8,6,8,9,7,very_good,female,25to44,widowed_divorced_sep,no_degree,part_time,managerial_professional
6064,9,10,8,7,10,9,10,8,8,5,7,good_to_bad,male,45to54,married,no_degree,full_time,intermediate
6070,8,10,9,1,9,6,10,8,9,7,9,good_to_bad,male,25to44,single,degree,full_time,managerial_professional
6089,8,8,5,9,9,7,7,8,7,4,9,good_to_bad,female,55to64,married,degree,full_time,managerial_professional
6093,10,10,8,0,10,10,10,7,7,8,10,very_good,female,25to44,married,no_degree,part_time,intermediate
6102,8,8,4,7,9,7,8,5,5,6,5,good_to_bad,male,25to44,married,no_degree,full_time,routine_manual
6147,10,10,10,0,10,10,10,5,7,5,5,very_good,male,45to54,married,no_degree,full_time,routine_manual
6158,8,9,9,5,10,5,9,9,9,10,8,good_to_bad,male,45to54,married,no_degree,part_time,routine_manual
6158,7,7,7,0,9,9,9,9,9,9,6,good_to_bad,male,45to54,single,no_degree,full_time,routine_manual
6163,8,8,9,3,10,9,9,6,6,9,8,very_good,female,25to44,married,degree,full_time,intermediate
6178,8,8,7,4,9,10,7,5,4,9,3,good_to_bad,male,45to54,married,no_degree,full_time,intermediate
6181,9,9,7,0,9,5,7,6,8,9,5,very_good,female,25to44,single,no_degree,part_time,routine_manual
6188,8,8,6,5,8,7,7,7,5,6,3,very_good,female,25to44,married,degree,part_time,routine_manual
6215,9,9,9,0,10,9,9,7,7,7,10,very_good,female,25to44,married,degree,full_time,intermediate
6236,7,8,8,0,9,8,8,8,7,6,8,good_to_bad,male,25to44,widowed_divorced_sep,degree,full_time,managerial_professional
6254,8,8,5,8,10,7,9,8,4,7,10,good_to_bad,female,45to54,married,no_degree,full_time,routine_manual
6262,7,9,10,0,8,7,9,6,9,10,8,good_to_bad,male,25to44,widowed_divorced_sep,no_degree,full_time,managerial_professional
6273,8,8,10,0,9,7,7,4,7,8,6,good_to_bad,female,25to44,single,no_degree,part_time,routine_manual
6275,4,9,9,0,4,6,6,8,8,8,9,good_to_bad,female,55to64,widowed_divorced_sep,degree,full_time,managerial_professional
6309,8,10,7,7,10,6,5,9,4,3,9,good_to_bad,female,45to54,married,no_degree,full_time,managerial_professional
6329,10,10,10,0,8,5,10,8,5,7,10,good_to_bad,male,55to64,widowed_divorced_sep,no_degree,full_time,routine_manual
6360,8,10,9,1,10,9,10,6,7,7,10,very_good,female,25to44,widowed_divorced_sep,no_degree,part_time,managerial_professional
6360,7,8,7,1,7,7,7,6,6,7,5,very_good,male,16to24,single,no_degree,full_time,routine_manual
6375,8,8,9,0,9,7,9,7,5,6,4,very_good,male,25to44,single,no_degree,full_time,routine_manual
6389,7,8,8,3,8,6,7,7,8,6,7,good_to_bad,male,25to44,married,no_degree,full_time,managerial_professional
6389,8,8,7,2,8,7,8,7,8,7,7,good_to_bad,male,25to44,married,no_degree,full_time,intermediate
6389,7,7,7,3,8,7,5,4,6,8,8,very_good,male,16to24,married,no_degree,full_time,routine_manual
6390,8,8,7,6,8,5,7,5,3,8,8,good_to_bad,male,25to44,widowed_divorced_sep,no_degree,full_time,managerial_professional
6390,8,6,8,3,8,8,9,3,4,3,6,very_good,male,25to44,single,degree,full_time,managerial_professional
6442,9,9,9,0,10,6,10,10,10,10,8,good_to_bad,female,25to44,single,no_degree,full_time,managerial_professional
6453,7,7,7,3,8,8,8,7,6,5,7,good_to_bad,male,25to44,married,degree,full_time,managerial_professional
6455,8,8,7,2,7,6,7,7,8,7,7,good_to_bad,male,55to64,single,degree,full_time,intermediate
6472,6,5,7,6,10,6,4,4,7,6,10,good_to_bad,female,25to44,single,no_degree,part_time,routine_manual
6477,5,4,9,5,4,8,8,3,8,5,10,good_to_bad,female,55to64,married,no_degree,full_time,routine_manual
6517,9,8,9,3,9,9,9,9,9,8,10,very_good,male,55to64,married,degree,full_time,managerial_professional
6540,5,7,5,4,6,6,9,6,8,6,4,very_good,female,25to44,widowed_divorced_sep,no_degree,full_time,intermediate
6567,8,8,10,0,9,8,8,7,6,4,8,very_good,male,25to44,married,no_degree,full_time,managerial_professional
6577,8,7,7,5,10,7,8,8,8,7,9,good_to_bad,male,55to64,married,no_degree,full_time,routine_manual
6605,8,8,8,1,10,7,10,2,1,9,7,good_to_bad,female,25to44,single,no_degree,part_time,routine_manual
6607,9,10,10,0,10,9,8,8,8,7,8,good_to_bad,male,55to64,married,degree,full_time,managerial_professional
6609,10,10,10,2,10,8,8,4,6,6,8,good_to_bad,female,45to54,widowed_divorced_sep,no_degree,full_time,routine_manual
6616,8,10,10,0,10,8,10,5,10,10,10,very_good,female,45to54,widowed_divorced_sep,no_degree,part_time,routine_manual
6620,9,10,10,1,10,10,10,10,9,6,8,very_good,male,25to44,married,no_degree,full_time,managerial_professional
6624,9,9,9,3,10,9,9,9,8,6,7,very_good,female,45to54,married,degree,full_time,managerial_professional
6625,9,9,9,2,8,8,8,6,9,10,10,very_good,female,25to44,married,degree,part_time,intermediate
6637,8,9,10,3,10,9,10,6,8,8,9,very_good,male,25to44,married,no_degree,full_time,intermediate
6639,9,6,8,0,8,9,9,9,5,8,8,very_good,male,45to54,widowed_divorced_sep,no_degree,full_time,routine_manual
6651,6,8,7,7,5,9,7,4,8,9,8,very_good,female,25to44,widowed_divorced_sep,no_degree,part_time,intermediate
6665,7,7,3,0,8,9,8,8,8,8,5,very_good,female,25to44,married,no_degree,part_time,managerial_professional
6666,7,8,9,2,9,6,8,7,8,6,6,good_to_bad,male,25to44,widowed_divorced_sep,degree,full_time,managerial_professional
6669,6,7,8,0,10,8,8,6,9,9,8,good_to_bad,female,45to54,widowed_divorced_sep,no_degree,part_time,routine_manual
6672,9,8,10,3,10,8,8,6,7,2,7,very_good,female,25to44,married,degree,part_time,managerial_professional
6679,8,8,7,3,10,8,8,7,5,7,6,very_good,female,25to44,married,degree,part_time,managerial_professional
6683,8,7,7,0,10,8,8,3,9,9,8,good_to_bad,male,25to44,married,no_degree,full_time,routine_manual
6685,9,9,9,1,10,10,10,8,3,8,8,very_good,female,25to44,married,no_degree,full_time,managerial_professional
6687,8,7,5,3,9,4,3,4,6,2,8,good_to_bad,male,55to64,married,degree,full_time,managerial_professional
6689,7,8,8,5,10,6,7,8,6,8,6,good_to_bad,female,25to44,single,no_degree,full_time,intermediate
6717,8,9,8,0,10,8,10,7,6,8,6,good_to_bad,male,16to24,single,no_degree,full_time,routine_manual
6773,7,9,8,5,8,8,7,9,6,8,3,very_good,female,25to44,single,no_degree,full_time,managerial_professional
6780,8,10,10,0,10,7,10,7,5,7,7,very_good,female,25to44,single,no_degree,part_time,intermediate
6802,8,5,9,9,10,5,8,10,10,7,10,good_to_bad,female,45to54,married,no_degree,part_time,routine_manual
6820,9,6,8,0,10,7,8,7,6,6,9,very_good,female,25to44,married,degree,full_time,managerial_professional
6825,10,7,10,0,9,8,10,8,6,5,9,good_to_bad,male,25to44,married,no_degree,full_time,routine_manual
6826,9,9,9,0,9,7,9,4,9,9,9,very_good,male,25to44,married,no_degree,full_time,managerial_professional
6826,8,8,9,2,7,8,9,8,8,9,9,very_good,male,45to54,married,no_degree,full_time,managerial_professional
6844,10,8,10,0,7,10,10,6,7,10,7,very_good,male,25to44,single,no_degree,full_time,managerial_professional
6847,7,7,8,0,10,8,8,5,5,7,7,good_to_bad,male,45to54,married,no_degree,full_time,routine_manual
6893,9,9,9,0,10,8,10,8,10,8,9,very_good,male,45to54,married,no_degree,full_time,managerial_professional
6908,7,8,6,5,10,8,7,4,4,4,4,good_to_bad,female,45to54,married,degree,part_time,managerial_professional
6913,7,4,5,5,6,5,4,2,6,5,6,good_to_bad,male,55to64,single,no_degree,part_time,routine_manual
6914,7,6,8,2,10,8,10,9,4,6,9,good_to_bad,male,25to44,married,no_degree,full_time,managerial_professional
6937,8,9,9,0,8,8,10,8,7,7,4,very_good,male,45to54,single,degree,full_time,managerial_professional
6944,7,8,9,1,10,8,8,6,7,9,10,very_good,male,55to64,married,no_degree,full_time,intermediate
6957,9,10,6,5,10,8,8,8,8,9,9,good_to_bad,female,45to54,married,no_degree,full_time,intermediate
6963,10,9,10,0,9,10,10,8,5,6,9,very_good,female,25to44,married,degree,part_time,managerial_professional
6971,9,10,9,4,10,7,9,8,9,10,8,good_to_bad,female,25to44,married,no_degree,full_time,intermediate
6990,8,10,10,0,10,8,10,10,8,5,10,very_good,male,45to54,married,no_degree,full_time,routine_manual
7017,7,7,7,4,5,6,8,8,6,6,8,good_to_bad,male,55to64,married,no_degree,part_time,managerial_professional
7033,8,8,8,0,10,8,10,10,8,6,5,good_to_bad,female,55to64,married,degree,full_time,managerial_professional
7049,6,9,6,5,4,6,7,3,6,4,10,good_to_bad,female,25to44,single,degree,part_time,managerial_professional
7060,9,10,1,9,10,10,9,10,10,10,10,very_good,female,25to44,married,degree,full_time,managerial_professional
7071,9,8,10,8,10,8,9,9,9,8,10,good_to_bad,male,25to44,married,degree,full_time,managerial_professional
7100,6,8,8,5,4,6,6,4,7,2,9,good_to_bad,female,25to44,widowed_divorced_sep,no_degree,full_time,managerial_professional
7106,9,8,9,1,9,7,7,6,7,7,8,good_to_bad,female,45to54,widowed_divorced_sep,no_degree,part_time,managerial_professional
7128,4,5,5,2,10,8,9,2,2,8,8,very_good,male,25to44,married,no_degree,full_time,routine_manual
7129,6,9,7,4,7,5,4,8,0,6,8,good_to_bad,female,45to54,widowed_divorced_sep,no_degree,full_time,managerial_professional
7194,8,5,10,0,10,8,9,2,4,3,5,good_to_bad,male,16to24,single,no_degree,part_time,routine_manual
7220,9,9,8,2,7,9,9,8,10,9,9,very_good,female,25to44,single,degree,full_time,managerial_professional
7232,10,8,10,0,10,10,10,7,7,0,10,very_good,male,25to44,married,no_degree,full_time,managerial_professional
7249,8,9,6,0,4,8,10,6,6,8,9,good_to_bad,female,55to64,married,no_degree,full_time,managerial_professional
7262,8,8,4,4,10,6,10,8,8,7,6,good_to_bad,male,25to44,married,no_degree,full_time,intermediate
7279,7,8,10,0,10,7,10,7,7,8,10,good_to_bad,female,25to44,single,degree,full_time,intermediate
7377,10,10,8,0,8,10,5,7,8,10,10,good_to_bad,male,55to64,married,no_degree,full_time,intermediate
7380,7,8,7,3,8,5,7,7,7,4,7,very_good,female,25to44,married,degree,full_time,managerial_professional
7385,8,5,8,4,10,10,10,7,8,6,7,very_good,male,16to24,single,no_degree,part_time,routine_manual
7387,8,8,8,4,10,5,8,8,8,6,8,good_to_bad,female,25to44,married,no_degree,full_time,intermediate
7391,9,10,10,0,10,10,10,8,10,10,10,good_to_bad,male,16to24,single,no_degree,full_time,routine_manual
7397,10,8,10,0,10,10,10,10,7,10,6,very_good,female,45to54,married,no_degree,full_time,managerial_professional
7407,8,5,8,5,10,7,8,3,1,9,8,good_to_bad,male,16to24,married,no_degree,part_time,routine_manual
7431,7,7,8,10,9,9,7,4,7,8,9,good_to_bad,female,55to64,married,no_degree,part_time,routine_manual
7439,10,10,10,0,10,8,10,8,10,10,10,good_to_bad,male,55to64,married,no_degree,full_time,routine_manual
7447,8,8,8,3,8,8,9,9,9,6,10,very_good,male,45to54,married,no_degree,full_time,managerial_professional
7475,9,9,8,2,8,9,8,9,8,6,7,very_good,female,25to44,married,degree,full_time,managerial_professional
7485,8,7,9,1,10,6,10,8,10,7,10,good_to_bad,female,25to44,widowed_divorced_sep,no_degree,full_time,managerial_professional
7486,8,7,7,0,8,9,9,4,5,5,8,very_good,female,25to44,single,degree,part_time,managerial_professional
7512,7,8,8,0,8,7,8,7,8,8,7,good_to_bad,male,45to54,married,no_degree,full_time,managerial_professional
7540,10,10,10,7,10,10,8,6,10,7,7,good_to_bad,male,55to64,married,no_degree,full_time,intermediate
7542,8,8,9,5,4,3,5,8,6,8,6,good_to_bad,male,45to54,married,no_degree,full_time,managerial_professional
7544,6,7,8,0,7,9,5,5,6,6,9,very_good,male,45to54,single,degree,full_time,intermediate
7569,8,10,10,0,10,8,10,5,8,6,6,good_to_bad,female,45to54,widowed_divorced_sep,no_degree,full_time,managerial_professional
7569,5,7,5,5,9,9,9,3,7,3,1,good_to_bad,male,45to54,married,degree,full_time,intermediate
7602,9,9,10,0,10,9,9,9,7,10,9,very_good,male,45to54,married,no_degree,full_time,managerial_professional
7621,8,9,8,2,9,9,9,10,3,3,10,good_to_bad,female,25to44,married,degree,part_time,managerial_professional
7654,9,9,10,5,10,9,9,9,10,8,9,good_to_bad,male,25to44,married,degree,full_time,managerial_professional
7677,5,5,7,0,10,7,10,0,6,10,8,very_good,male,25to44,single,no_degree,full_time,intermediate
7685,8,8,8,0,8,8,10,8,5,8,7,good_to_bad,male,45to54,married,degree,full_time,managerial_professional
7687,8,8,10,0,10,9,10,10,8,9,8,good_to_bad,female,25to44,married,no_degree,part_time,managerial_professional
7712,10,10,10,0,10,9,9,10,10,10,0,very_good,female,25to44,married,no_degree,full_time,routine_manual
7722,6,10,9,0,10,7,10,5,7,6,8,very_good,male,25to44,single,degree,full_time,managerial_professional
7725,7,8,8,4,9,5,6,5,7,7,9,good_to_bad,male,45to54,married,no_degree,full_time,managerial_professional
7754,8,8,9,0,9,9,9,10,7,8,9,very_good,male,16to24,single,no_degree,full_time,routine_manual
7786,9,9,5,3,10,6,9,7,9,7,7,good_to_bad,female,25to44,married,no_degree,full_time,intermediate
7789,6,8,8,5,7,7,7,4,6,7,4,good_to_bad,female,25to44,single,degree,full_time,managerial_professional
7796,8,9,9,3,10,8,9,6,7,5,3,very_good,female,25to44,married,degree,part_time,intermediate
7805,5,8,8,1,8,7,8,6,9,9,9,very_good,female,45to54,married,no_degree,full_time,managerial_professional
7819,7,8,8,5,10,5,5,7,4,6,9,good_to_bad,male,45to54,married,no_degree,full_time,managerial_professional
7841,9,8,5,1,10,5,8,9,1,5,5,good_to_bad,male,55to64,married,no_degree,full_time,managerial_professional
7907,7,9,8,6,10,6,9,5,9,9,10,very_good,female,16to24,single,no_degree,part_time,routine_manual
7922,8,9,9,0,10,8,10,6,10,10,4,good_to_bad,male,25to44,married,no_degree,full_time,managerial_professional
7964,7,6,8,7,7,9,7,10,5,3,9,very_good,female,25to44,married,degree,part_time,intermediate
7965,8,8,8,3,10,7,5,6,7,3,8,very_good,male,25to44,married,no_degree,full_time,managerial_professional
7984,7,8,8,0,10,8,10,3,8,5,9,very_good,male,25to44,married,no_degree,full_time,routine_manual
8000,10,10,10,0,9,10,8,9,10,4,8,very_good,male,25to44,married,degree,full_time,managerial_professional
8021,8,10,8,10,10,8,10,6,10,10,10,good_to_bad,female,25to44,single,no_degree,part_time,routine_manual
8029,8,8,9,0,10,5,7,8,7,8,6,good_to_bad,female,55to64,married,no_degree,part_time,routine_manual
8033,7,10,5,7,10,8,10,7,4,6,5,very_good,female,25to44,married,no_degree,part_time,intermediate
8041,7,9,8,0,10,9,10,5,10,8,10,good_to_bad,female,55to64,widowed_divorced_sep,no_degree,full_time,intermediate
8056,6,6,8,1,6,9,8,6,6,6,8,very_good,female,55to64,married,no_degree,part_time,managerial_professional
8084,9,9,9,2,9,7,10,8,6,4,6,very_good,female,25to44,married,degree,full_time,managerial_professional
8087,8,8,7,1,8,5,9,7,8,4,7,very_good,male,25to44,married,no_degree,full_time,routine_manual
8105,7,7,7,2,8,5,7,7,6,2,8,good_to_bad,female,55to64,single,degree,full_time,managerial_professional
8115,10,10,10,4,8,9,9,10,10,9,4,very_good,male,16to24,single,no_degree,full_time,routine_manual
8122,8,9,10,0,10,8,10,8,10,10,5,good_to_bad,female,45to54,widowed_divorced_sep,no_degree,part_time,routine_manual
8124,5,5,3,0,10,6,7,7,5,4,8,good_to_bad,female,25to44,widowed_divorced_sep,no_degree,full_time,intermediate
8135,7,7,7,2,8,7,8,7,8,8,6,good_to_bad,female,45to54,married,no_degree,part_time,managerial_professional
8146,6,7,4,2,8,8,7,4,1,8,8,good_to_bad,male,45to54,widowed_divorced_sep,no_degree,full_time,managerial_professional
8198,6,10,6,7,7,5,6,5,6,6,10,good_to_bad,female,55to64,married,degree,part_time,intermediate
8211,6,6,7,8,5,6,6,6,8,8,9,good_to_bad,female,25to44,single,no_degree,full_time,intermediate
8238,4,9,9,0,7,2,6,3,3,2,9,good_to_bad,female,25to44,married,no_degree,full_time,managerial_professional
8252,8,7,5,7,8,9,9,7,6,5,8,very_good,female,45to54,single,no_degree,full_time,managerial_professional
8253,9,9,7,4,10,8,10,6,6,4,10,good_to_bad,female,25to44,married,no_degree,full_time,managerial_professional
8283,8,8,8,4,9,6,8,7,9,6,5,good_to_bad,male,25to44,married,no_degree,full_time,managerial_professional
8318,2,5,8,3,4,7,7,3,3,5,9,good_to_bad,male,25to44,widowed_divorced_sep,no_degree,part_time,routine_manual
8357,9,8,8,2,8,9,9,8,8,6,9,good_to_bad,female,25to44,single,no_degree,full_time,intermediate
8383,8,8,8,0,10,10,10,8,9,10,10,very_good,female,25to44,married,no_degree,part_time,routine_manual
8391,5,5,10,5,10,10,10,9,9,10,9,good_to_bad,male,45to54,widowed_divorced_sep,no_degree,full_time,routine_manual
8391,7,8,7,4,7,9,9,6,8,8,6,very_good,male,55to64,married,degree,full_time,managerial_professional
8406,7,6,6,9,9,8,3,4,2,3,7,good_to_bad,male,25to44,married,no_degree,full_time,intermediate
8429,8,9,8,2,10,7,7,7,9,1,5,good_to_bad,male,45to54,widowed_divorced_sep,no_degree,full_time,managerial_professional
8480,7,7,8,3,9,6,8,5,8,8,8,very_good,male,25to44,single,degree,full_time,managerial_professional
8484,5,8,8,1,7,9,7,8,7,5,8,very_good,male,25to44,single,degree,full_time,managerial_professional
8489,10,8,10,3,8,9,10,9,10,6,10,very_good,female,45to54,widowed_divorced_sep,no_degree,full_time,routine_manual
8501,7,8,5,6,7,6,6,8,9,9,8,good_to_bad,female,45to54,married,no_degree,part_time,managerial_professional
8508,7,7,8,3,9,7,9,7,7,3,9,good_to_bad,male,55to64,married,degree,full_time,managerial_professional
8509,7,8,8,8,10,6,7,1,1,10,8,very_good,male,16to24,single,degree,part_time,routine_manual
8514,8,8,9,0,10,8,10,5,8,7,8,very_good,female,45to54,married,degree,full_time,managerial_professional
8538,10,8,5,3,10,7,9,8,9,7,7,good_to_bad,female,25to44,married,no_degree,full_time,routine_manual
8605,9,9,8,5,8,8,8,8,8,8,5,good_to_bad,female,25to44,married,no_degree,part_time,intermediate
8628,8,8,9,0,8,8,8,3,8,2,9,good_to_bad,female,25to44,single,no_degree,full_time,managerial_professional
8630,5,7,7,0,7,7,10,5,5,8,7,good_to_bad,female,55to64,single,no_degree,full_time,intermediate
8634,5,8,10,2,6,8,6,5,6,9,5,very_good,female,25to44,married,no_degree,full_time,intermediate
8646,8,8,7,7,5,8,10,7,7,9,8,good_to_bad,male,45to54,widowed_divorced_sep,no_degree,part_time,intermediate
8658,8,7,5,0,10,8,10,6,4,6,7,good_to_bad,female,25to44,single,no_degree,part_time,routine_manual
8661,6,8,6,3,9,9,9,8,8,8,8,very_good,female,55to64,widowed_divorced_sep,no_degree,full_time,intermediate
8665,8,8,9,1,10,8,9,8,8,4,8,very_good,male,25to44,widowed_divorced_sep,degree,full_time,intermediate
8677,8,8,10,1,10,10,10,6,6,8,7,very_good,female,16to24,single,degree,full_time,managerial_professional
8701,8,9,8,0,10,4,10,7,8,9,7,good_to_bad,male,25to44,single,no_degree,full_time,routine_manual
8704,9,9,8,7,10,10,10,10,10,8,8,very_good,female,55to64,widowed_divorced_sep,degree,full_time,managerial_professional
8705,7,8,3,7,8,8,8,7,7,7,8,good_to_bad,male,25to44,widowed_divorced_sep,no_degree,full_time,intermediate
8711,8,8,8,2,9,8,7,7,9,9,9,good_to_bad,male,25to44,married,degree,full_time,intermediate
8722,8,7,8,2,8,8,8,8,8,8,7,good_to_bad,female,25to44,single,no_degree,full_time,routine_manual
8728,6,6,6,9,8,6,8,8,7,2,5,good_to_bad,female,16to24,single,no_degree,full_time,routine_manual
8762,6,6,2,9,10,4,10,6,3,2,8,good_to_bad,female,45to54,married,no_degree,full_time,routine_manual
8789,9,9,7,5,9,9,8,8,8,7,7,very_good,female,55to64,married,degree,full_time,managerial_professional
8793,9,9,8,1,8,9,9,9,9,10,9,very_good,male,45to54,single,degree,part_time,routine_manual
8804,8,5,6,1,8,8,9,5,8,4,7,very_good,male,25to44,single,no_degree,full_time,routine_manual
8808,5,10,6,6,10,9,10,6,0,8,6,good_to_bad,male,55to64,married,degree,part_time,intermediate
8813,7,7,8,0,8,7,8,8,9,9,8,good_to_bad,male,45to54,married,no_degree,part_time,routine_manual
8830,8,9,7,3,7,9,9,8,9,7,9,very_good,male,55to64,single,no_degree,full_time,intermediate
8864,5,9,8,0,5,10,5,3,5,10,8,very_good,female,25to44,married,no_degree,part_time,routine_manual
8880,10,10,10,0,10,10,10,10,10,10,7,very_good,female,45to54,married,no_degree,full_time,managerial_professional
8883,9,9,6,3,9,10,10,8,8,10,10,very_good,male,25to44,married,no_degree,full_time,managerial_professional
8915,8,8,10,10,9,9,8,8,9,10,8,very_good,female,55to64,married,no_degree,part_time,intermediate
8921,9,10,10,0,10,4,8,8,10,10,10,good_to_bad,female,25to44,widowed_divorced_sep,no_degree,full_time,intermediate
8923,8,7,8,1,8,5,8,7,6,5,7,good_to_bad,female,55to64,married,no_degree,full_time,managerial_professional
8956,4,7,10,0,10,10,10,7,3,4,5,very_good,female,45to54,married,degree,part_time,managerial_professional
9003,10,10,10,0,10,9,10,9,9,8,7,very_good,female,25to44,married,degree,full_time,intermediate
9009,8,10,7,1,8,10,10,6,9,9,10,very_good,female,25to44,single,no_degree,part_time,intermediate
9014,7,8,10,0,8,7,9,6,9,3,8,good_to_bad,male,25to44,single,no_degree,full_time,managerial_professional
9019,8,7,9,0,7,9,10,7,8,4,4,very_good,female,45to54,widowed_divorced_sep,degree,full_time,intermediate
9028,6,6,6,0,10,10,10,10,10,6,8,very_good,male,45to54,married,no_degree,full_time,intermediate
9036,8,7,9,0,10,7,8,8,5,7,6,good_to_bad,female,55to64,married,no_degree,part_time,intermediate
9075,7,9,6,4,9,9,9,6,3,4,9,very_good,female,25to44,married,degree,part_time,managerial_professional
9076,7,7,8,6,7,5,5,2,6,4,6,good_to_bad,female,25to44,married,degree,full_time,managerial_professional
9076,9,8,9,0,9,9,9,9,8,8,9,very_good,female,45to54,married,no_degree,part_time,intermediate
9113,8,9,7,5,9,8,9,9,8,4,8,very_good,female,55to64,married,degree,full_time,managerial_professional
9118,7,7,7,6,10,7,10,7,7,3,5,very_good,male,25to44,married,degree,full_time,managerial_professional
9136,9,8,6,0,10,8,9,3,9,7,10,very_good,male,25to44,married,no_degree,full_time,routine_manual
9153,7,9,8,3,8,7,8,5,10,7,7,good_to_bad,male,55to64,married,degree,full_time,managerial_professional
9158,9,9,0,10,5,8,8,4,9,6,3,good_to_bad,female,25to44,widowed_divorced_sep,no_degree,part_time,routine_manual
9173,8,8,8,2,9,8,10,7,8,8,8,very_good,male,45to54,married,no_degree,full_time,managerial_professional
9183,4,8,5,0,10,5,8,5,5,4,10,good_to_bad,female,25to44,single,no_degree,full_time,routine_manual
9207,6,6,5,5,8,5,6,5,8,10,8,good_to_bad,female,25to44,married,no_degree,part_time,routine_manual
9211,8,9,10,2,10,9,10,7,4,6,7,good_to_bad,male,25to44,married,no_degree,full_time,intermediate
9212,6,10,6,1,10,8,7,10,8,7,10,very_good,male,55to64,widowed_divorced_sep,no_degree,full_time,managerial_professional
9216,10,10,10,0,10,5,10,7,10,10,10,good_to_bad,female,25to44,single,no_degree,part_time,managerial_professional
9261,8,7,8,3,8,5,7,7,6,4,7,good_to_bad,female,25to44,married,no_degree,full_time,managerial_professional
9268,5,7,7,3,4,3,9,8,6,3,6,good_to_bad,female,25to44,widowed_divorced_sep,degree,full_time,managerial_professional
9272,9,7,4,4,9,7,9,5,8,5,9,very_good,male,25to44,married,degree,full_time,managerial_professional
9273,9,9,9,0,9,8,9,7,8,8,7,very_good,male,25to44,married,no_degree,full_time,intermediate
9312,9,9,6,0,9,8,10,9,9,7,9,very_good,male,55to64,married,no_degree,full_time,routine_manual
9324,8,8,8,0,6,9,6,6,8,8,8,very_good,female,25to44,married,degree,full_time,intermediate
9361,9,8,9,2,10,9,8,9,7,8,7,very_good,female,25to44,married,degree,full_time,managerial_professional
9365,10,8,8,0,10,8,8,8,10,10,10,good_to_bad,female,55to64,married,no_degree,part_time,managerial_professional
9377,10,10,10,0,9,8,8,8,8,10,10,good_to_bad,female,45to54,widowed_divorced_sep,no_degree,part_time,intermediate
9413,10,10,10,0,10,6,10,10,10,7,5,very_good,female,25to44,married,no_degree,full_time,intermediate
9425,8,8,8,2,8,7,10,8,6,7,8,good_to_bad,male,55to64,single,no_degree,full_time,routine_manual
9522,5,8,6,0,10,6,7,7,4,0,9,good_to_bad,male,45to54,widowed_divorced_sep,degree,full_time,managerial_professional
9539,8,6,8,1,9,8,8,8,9,10,9,good_to_bad,female,25to44,single,no_degree,part_time,intermediate
9542,0,8,7,0,8,8,10,6,8,6,5,good_to_bad,male,25to44,married,no_degree,part_time,routine_manual
9611,9,9,9,3,9,7,9,7,8,7,8,very_good,male,25to44,married,no_degree,full_time,managerial_professional
9617,10,10,5,0,10,10,10,10,10,5,10,good_to_bad,male,25to44,married,no_degree,full_time,intermediate
9624,8,7,7,0,8,7,8,8,7,7,8,good_to_bad,male,45to54,married,degree,full_time,managerial_professional
9652,8,7,7,7,6,5,6,8,5,4,6,good_to_bad,female,25to44,married,no_degree,part_time,routine_manual
9665,5,6,7,5,3,7,5,3,6,4,7,good_to_bad,male,45to54,widowed_divorced_sep,degree,full_time,managerial_professional
9670,6,6,4,7,8,5,7,4,5,4,8,good_to_bad,male,25to44,married,degree,full_time,managerial_professional
9671,3,9,9,1,10,4,9,9,5,4,9,good_to_bad,female,55to64,widowed_divorced_sep,degree,full_time,intermediate
9685,8,8,7,2,8,6,6,8,8,7,8,good_to_bad,female,45to54,married,degree,full_time,managerial_professional
9692,9,7,3,6,10,7,8,7,5,7,7,very_good,female,25to44,single,no_degree,full_time,intermediate
9702,8,7,8,2,8,8,8,8,8,7,8,good_to_bad,male,25to44,widowed_divorced_sep,degree,full_time,intermediate
9709,8,9,9,1,10,5,8,5,8,5,1,good_to_bad,female,45to54,married,no_degree,full_time,routine_manual
9805,9,9,8,5,9,8,9,9,8,6,5,good_to_bad,male,25to44,married,no_degree,full_time,routine_manual
9853,8,9,9,3,10,9,9,9,9,8,9,good_to_bad,female,16to24,single,no_degree,part_time,routine_manual
9857,8,8,7,0,8,7,9,9,7,6,8,very_good,male,25to44,widowed_divorced_sep,degree,full_time,managerial_professional
9876,9,9,8,4,4,9,9,5,5,5,9,very_good,male,45to54,single,no_degree,full_time,managerial_professional
9895,9,9,10,0,9,7,8,8,8,8,8,good_to_bad,male,55to64,married,no_degree,full_time,routine_manual
9896,8,8,8,1,10,8,8,8,9,3,9,very_good,male,45to54,married,degree,full_time,managerial_professional
9908,7,8,6,4,9,8,8,7,8,7,7,good_to_bad,female,55to64,widowed_divorced_sep,no_degree,full_time,managerial_professional
9913,6,4,6,2,10,10,10,10,10,7,0,good_to_bad,male,25to44,single,no_degree,full_time,intermediate
9928,8,8,9,4,9,8,8,5,6,8,8,very_good,male,45to54,married,degree,full_time,managerial_professional
9956,8,8,8,1,9,9,9,9,9,9,9,very_good,female,25to44,married,no_degree,part_time,managerial_professional
9966,8,8,8,0,8,8,8,8,8,8,9,good_to_bad,male,55to64,married,no_degree,full_time,intermediate
9988,8,8,7,4,6,6,8,9,8,6,8,good_to_bad,male,25to44,single,no_degree,full_time,managerial_professional
10030,10,9,10,0,10,7,10,9,4,6,9,good_to_bad,male,45to54,married,no_degree,full_time,routine_manual
10039,6,6,8,3,3,9,8,7,6,6,8,good_to_bad,male,55to64,widowed_divorced_sep,no_degree,full_time,intermediate
10042,4,7,4,5,10,8,7,8,8,8,3,good_to_bad,male,25to44,married,no_degree,full_time,routine_manual
10044,4,10,7,8,3,5,5,5,10,2,10,very_good,female,45to54,single,no_degree,full_time,intermediate
10049,8,7,6,5,8,6,8,3,3,3,2,good_to_bad,male,25to44,married,no_degree,full_time,managerial_professional
10092,7,7,7,7,10,7,10,5,5,6,7,good_to_bad,female,25to44,married,no_degree,part_time,managerial_professional
10118,0,2,0,8,10,7,2,0,0,0,0,good_to_bad,male,16to24,single,no_degree,full_time,intermediate
10128,8,8,7,7,7,8,8,7,5,4,7,very_good,male,25to44,married,no_degree,full_time,managerial_professional
10141,8,8,8,0,8,5,8,6,8,6,9,good_to_bad,female,45to54,married,no_degree,full_time,managerial_professional
10149,8,8,6,7,8,8,8,8,8,8,5,good_to_bad,female,25to44,married,no_degree,full_time,routine_manual
10152,7,5,6,2,10,5,5,5,5,8,8,good_to_bad,male,45to54,married,no_degree,full_time,routine_manual
10163,6,9,4,4,8,7,7,7,5,7,10,good_to_bad,female,45to54,married,degree,part_time,managerial_professional
10166,8,8,8,5,10,8,9,9,8,7,8,good_to_bad,female,55to64,widowed_divorced_sep,no_degree,full_time,routine_manual
10179,5,7,7,2,6,5,6,5,6,7,6,good_to_bad,female,25to44,widowed_divorced_sep,no_degree,full_time,routine_manual
10182,7,8,6,7,9,7,8,6,6,3,9,very_good,male,45to54,married,no_degree,full_time,managerial_professional
10219,8,7,9,5,9,8,9,7,8,8,7,very_good,female,25to44,married,degree,part_time,routine_manual
10225,8,7,9,0,10,8,9,9,9,10,8,very_good,male,25to44,single,degree,full_time,managerial_professional
10237,7,8,7,3,9,7,8,7,6,9,6,good_to_bad,female,25to44,married,degree,part_time,intermediate
10298,8,7,7,4,8,8,8,7,6,5,9,very_good,male,45to54,married,degree,full_time,managerial_professional
10307,9,10,7,0,10,6,10,5,5,5,7,very_good,male,25to44,married,no_degree,full_time,routine_manual
10318,8,8,8,0,8,8,8,7,5,5,6,very_good,female,55to64,widowed_divorced_sep,no_degree,full_time,intermediate
10328,9,9,8,2,9,8,9,8,8,7,7,very_good,male,25to44,married,degree,full_time,managerial_professional
10334,9,10,10,0,10,10,10,8,8,10,10,very_good,male,25to44,married,degree,full_time,intermediate
10345,8,7,9,1,9,7,9,7,8,5,8,good_to_bad,female,55to64,married,degree,full_time,intermediate
10354,5,5,3,1,8,8,5,3,1,1,8,very_good,female,25to44,single,no_degree,full_time,intermediate
10425,7,8,8,0,10,9,7,6,7,4,8,very_good,female,25to44,married,degree,full_time,managerial_professional
10433,9,9,10,3,10,10,10,10,8,9,9,very_good,male,55to64,widowed_divorced_sep,no_degree,part_time,intermediate
10434,8,8,9,0,10,7,10,8,7,7,8,good_to_bad,male,25to44,married,degree,full_time,intermediate
10439,8,6,9,2,10,4,8,8,10,10,10,good_to_bad,male,25to44,single,degree,full_time,managerial_professional
10453,8,8,8,1,7,8,8,8,8,5,7,very_good,male,25to44,married,no_degree,full_time,intermediate
10464,10,9,10,0,9,9,10,10,1,9,9,very_good,male,25to44,married,degree,full_time,managerial_professional
10486,8,8,7,0,10,9,10,8,7,9,9,very_good,male,45to54,married,degree,full_time,managerial_professional
10495,10,10,9,0,10,9,10,8,10,9,6,good_to_bad,female,25to44,married,no_degree,full_time,intermediate
10501,7,9,4,4,10,6,7,9,9,10,9,good_to_bad,male,45to54,single,no_degree,full_time,managerial_professional
10513,9,8,8,2,8,5,8,5,2,5,5,good_to_bad,female,55to64,married,degree,part_time,intermediate
10519,7,7,8,4,8,8,10,7,7,9,9,very_good,female,25to44,married,no_degree,part_time,intermediate
10524,9,9,9,0,9,9,9,5,5,9,8,very_good,female,25to44,married,no_degree,part_time,routine_manual
10524,8,8,9,0,8,8,8,8,8,10,8,very_good,male,55to64,widowed_divorced_sep,degree,part_time,managerial_professional
10543,9,10,10,1,10,8,10,8,8,6,8,very_good,male,55to64,married,no_degree,full_time,intermediate
10544,6,5,7,4,5,6,6,6,6,4,7,very_good,male,25to44,married,no_degree,full_time,routine_manual
10545,6,6,5,8,10,8,7,2,7,5,10,very_good,female,25to44,married,degree,full_time,managerial_professional
10547,9,10,9,5,10,10,8,9,8,8,10,good_to_bad,male,25to44,married,degree,full_time,managerial_professional
10548,7,8,9,1,9,3,7,5,2,7,4,good_to_bad,male,25to44,single,no_degree,full_time,managerial_professional
10587,5,6,4,8,10,9,10,5,9,10,6,good_to_bad,female,25to44,single,no_degree,part_time,routine_manual
10609,10,10,10,10,10,8,10,10,10,10,7,very_good,female,45to54,married,no_degree,full_time,routine_manual
10611,7,9,8,2,9,5,6,5,10,8,9,very_good,female,25to44,married,no_degree,full_time,intermediate
10645,6,9,8,2,3,2,6,5,5,2,7,good_to_bad,female,45to54,married,no_degree,full_time,managerial_professional
10678,4,6,7,2,2,8,10,2,4,4,6,very_good,female,25to44,married,no_degree,full_time,managerial_professional
10689,9,9,9,0,10,8,9,7,8,9,8,good_to_bad,male,25to44,married,no_degree,full_time,routine_manual
10702,8,8,6,4,10,7,9,9,7,7,10,good_to_bad,male,45to54,married,degree,full_time,managerial_professional
10729,9,9,9,0,9,6,8,8,10,10,10,very_good,female,25to44,married,degree,full_time,managerial_professional
10749,10,10,9,0,9,9,7,10,10,10,10,very_good,female,45to54,married,no_degree,part_time,routine_manual
10759,8,7,8,2,0,7,10,7,4,5,7,good_to_bad,female,25to44,single,degree,full_time,managerial_professional
10760,7,9,9,3,10,6,10,5,8,8,0,good_to_bad,male,55to64,married,degree,full_time,routine_manual
10760,9,10,9,6,9,8,9,9,9,8,9,good_to_bad,male,25to44,single,degree,full_time,managerial_professional
10763,7,9,8,0,9,6,7,3,3,9,9,good_to_bad,male,25to44,single,no_degree,full_time,routine_manual
10765,7,8,9,10,10,8,9,7,7,10,10,very_good,male,25to44,married,no_degree,full_time,routine_manual
10773,8,9,5,4,8,7,8,9,6,6,6,very_good,female,25to44,married,degree,part_time,managerial_professional
10780,8,8,5,1,10,5,7,1,6,6,7,good_to_bad,male,45to54,married,no_degree,full_time,managerial_professional
10805,8,8,8,0,7,7,8,6,8,8,10,good_to_bad,male,45to54,married,no_degree,full_time,intermediate
10835,7,7,6,8,9,7,10,7,5,8,6,good_to_bad,male,25to44,single,no_degree,full_time,intermediate
10838,8,8,9,5,9,8,9,3,8,7,7,very_good,male,25to44,married,degree,full_time,managerial_professional
10844,9,8,9,0,9,8,9,9,9,9,9,good_to_bad,male,55to64,married,no_degree,part_time,intermediate
10856,7,8,8,2,5,8,7,6,7,6,7,very_good,male,25to44,single,no_degree,full_time,intermediate
10857,8,6,7,3,6,8,7,8,5,8,9,good_to_bad,female,25to44,married,degree,part_time,managerial_professional
10873,7,8,7,2,9,7,7,8,8,5,9,good_to_bad,male,25to44,married,degree,full_time,managerial_professional
10885,7,8,6,9,7,6,8,5,6,6,8,good_to_bad,female,25to44,single,degree,full_time,managerial_professional
10886,9,9,9,0,9,8,8,9,6,8,9,good_to_bad,female,45to54,married,degree,full_time,managerial_professional
10947,8,10,10,5,10,8,8,8,7,7,10,good_to_bad,male,45to54,married,no_degree,full_time,managerial_professional
10958,8,7,9,0,10,10,10,5,6,7,8,very_good,female,25to44,married,degree,full_time,intermediate
10965,9,10,8,5,10,8,10,8,4,1,8,very_good,male,25to44,married,degree,full_time,managerial_professional
10969,8,8,9,0,10,8,8,8,9,7,5,good_to_bad,female,55to64,married,no_degree,part_time,routine_manual
10990,7,8,7,2,10,7,7,8,7,6,8,good_to_bad,female,25to44,single,degree,full_time,managerial_professional
11005,7,7,6,0,8,6,8,6,7,8,8,good_to_bad,male,45to54,single,no_degree,full_time,intermediate
11020,10,10,10,0,10,9,9,8,8,8,10,very_good,male,55to64,married,no_degree,full_time,routine_manual
11032,9,10,9,3,10,10,10,10,9,9,10,very_good,female,45to54,married,no_degree,full_time,managerial_professional
11076,10,10,10,10,10,10,10,6,6,5,10,good_to_bad,male,25to44,married,no_degree,full_time,routine_manual
11082,10,8,10,2,10,10,10,8,8,4,7,very_good,male,25to44,married,degree,full_time,managerial_professional
11087,7,8,5,3,8,9,10,1,5,2,0,very_good,male,25to44,married,no_degree,full_time,intermediate
11092,8,10,10,0,10,10,10,7,10,10,10,very_good,male,25to44,married,no_degree,full_time,routine_manual
11093,7,9,9,0,5,7,9,8,9,8,9,good_to_bad,female,55to64,single,no_degree,full_time,intermediate
11134,5,8,8,8,5,5,7,6,5,4,10,good_to_bad,female,45to54,married,no_degree,full_time,managerial_professional
11139,7,7,9,3,9,7,8,5,2,2,8,good_to_bad,male,25to44,married,no_degree,full_time,intermediate
11143,9,7,3,0,9,8,10,8,6,9,10,very_good,male,55to64,married,no_degree,full_time,routine_manual
11144,10,7,9,0,10,10,8,7,3,8,10,very_good,male,55to64,married,no_degree,part_time,managerial_professional
11156,8,7,5,3,9,7,10,7,7,6,9,good_to_bad,male,25to44,married,no_degree,full_time,intermediate
11160,8,9,8,0,7,7,9,8,8,3,7,good_to_bad,male,25to44,single,degree,full_time,managerial_professional
11172,10,10,10,0,10,9,9,10,5,10,10,very_good,male,55to64,married,no_degree,full_time,intermediate
11172,8,8,8,2,2,10,7,8,5,6,9,very_good,female,55to64,widowed_divorced_sep,degree,full_time,intermediate
11194,5,6,8,0,10,8,10,7,8,7,10,good_to_bad,male,55to64,married,no_degree,full_time,routine_manual
11211,8,10,10,0,7,7,8,8,10,10,8,good_to_bad,female,55to64,widowed_divorced_sep,no_degree,full_time,managerial_professional
11228,8,8,5,8,10,8,8,5,5,5,10,good_to_bad,female,45to54,married,no_degree,part_time,routine_manual
11280,8,7,8,5,9,9,9,7,7,8,9,very_good,female,25to44,married,no_degree,full_time,routine_manual
11281,8,6,6,2,9,6,8,7,1,6,8,very_good,male,55to64,married,no_degree,full_time,routine_manual
11311,8,8,10,5,10,7,10,7,10,8,10,very_good,female,25to44,widowed_divorced_sep,no_degree,full_time,routine_manual
11314,6,9,9,0,6,7,10,7,8,4,8,very_good,male,45to54,married,degree,full_time,managerial_professional
11323,7,7,8,2,8,7,8,2,5,6,8,good_to_bad,male,45to54,married,no_degree,full_time,intermediate
11326,9,8,7,5,9,8,6,8,7,9,8,good_to_bad,female,55to64,married,degree,part_time,intermediate
11336,9,9,10,1,10,9,9,9,10,7,8,very_good,male,55to64,widowed_divorced_sep,no_degree,full_time,routine_manual
11342,5,5,5,0,5,3,10,5,8,5,8,good_to_bad,female,25to44,single,no_degree,full_time,routine_manual
11372,10,10,10,0,10,10,10,9,9,9,10,very_good,male,25to44,married,no_degree,full_time,routine_manual
11383,9,6,6,0,5,8,9,3,7,3,10,very_good,male,25to44,single,degree,full_time,managerial_professional
11401,10,7,10,1,9,10,9,7,6,5,9,very_good,male,25to44,single,no_degree,full_time,routine_manual
11407,6,5,4,6,8,6,5,7,4,4,9,good_to_bad,female,25to44,single,no_degree,full_time,routine_manual
11412,7,10,10,0,10,8,9,8,8,3,10,good_to_bad,male,25to44,married,degree,full_time,routine_manual
11430,6,9,9,0,10,9,6,1,9,9,9,very_good,female,55to64,single,degree,part_time,routine_manual
11432,7,6,0,8,9,8,10,4,3,3,3,very_good,male,25to44,married,no_degree,full_time,routine_manual
11481,10,10,10,0,10,10,10,9,10,10,8,very_good,female,45to54,married,no_degree,part_time,intermediate
11519,7,10,9,0,5,3,10,0,7,10,10,good_to_bad,male,55to64,married,no_degree,full_time,routine_manual
11520,7,6,6,0,8,8,10,8,6,4,0,good_to_bad,female,45to54,single,no_degree,full_time,managerial_professional
11537,8,9,8,2,8,6,9,9,8,6,5,good_to_bad,female,25to44,married,degree,full_time,managerial_professional
11546,8,10,9,0,9,9,10,6,7,5,10,very_good,female,25to44,married,degree,part_time,managerial_professional
11554,8,7,6,0,8,6,8,8,5,9,9,good_to_bad,male,25to44,married,no_degree,full_time,managerial_professional
11558,10,10,10,0,10,9,10,10,8,10,10,good_to_bad,female,55to64,married,no_degree,full_time,routine_manual
11594,7,7,7,0,7,7,7,4,4,6,10,good_to_bad,female,55to64,single,degree,full_time,routine_manual
11594,8,8,8,1,10,9,7,8,8,9,9,good_to_bad,female,25to44,married,no_degree,part_time,intermediate
11619,10,9,8,5,10,10,9,10,10,3,9,good_to_bad,male,25to44,married,no_degree,full_time,managerial_professional
11622,7,10,8,0,10,6,8,7,7,6,8,very_good,male,45to54,married,degree,full_time,managerial_professional
11642,10,10,10,0,10,8,10,9,5,8,7,good_to_bad,female,25to44,married,no_degree,part_time,intermediate
11648,8,8,9,2,9,8,9,8,7,8,8,very_good,male,55to64,widowed_divorced_sep,no_degree,full_time,managerial_professional
11656,5,7,8,0,8,10,10,5,8,5,7,very_good,female,25to44,married,degree,part_time,intermediate
11748,8,7,8,8,8,5,9,9,9,8,8,good_to_bad,female,25to44,married,degree,part_time,managerial_professional
11750,8,7,9,0,9,9,9,9,8,5,9,very_good,female,45to54,married,no_degree,full_time,managerial_professional
11765,4,5,1,1,10,3,10,5,4,5,0,good_to_bad,male,25to44,single,no_degree,full_time,routine_manual
11770,9,8,10,0,10,7,10,9,9,5,10,good_to_bad,female,45to54,widowed_divorced_sep,no_degree,part_time,routine_manual
11809,2,0,5,0,10,5,10,0,0,0,10,good_to_bad,male,25to44,single,no_degree,full_time,intermediate
11815,8,7,6,8,9,7,7,8,8,6,6,good_to_bad,male,55to64,married,no_degree,full_time,routine_manual
11821,4,4,4,8,4,7,4,4,4,5,6,good_to_bad,female,45to54,single,degree,full_time,managerial_professional
11832,8,9,6,0,8,6,9,5,9,7,8,very_good,male,25to44,single,no_degree,full_time,intermediate
11876,10,8,9,2,10,8,9,8,7,6,8,very_good,female,16to24,single,no_degree,full_time,routine_manual
11882,10,8,10,0,9,2,8,6,8,10,10,good_to_bad,male,25to44,married,no_degree,full_time,managerial_professional
11886,10,10,9,1,10,10,10,7,10,8,8,good_to_bad,female,45to54,married,no_degree,part_time,routine_manual
11897,7,6,4,5,8,9,7,8,7,8,10,good_to_bad,male,16to24,married,no_degree,full_time,managerial_professional
11936,3,5,5,6,7,4,7,4,5,7,8,good_to_bad,male,25to44,married,no_degree,full_time,intermediate
11974,10,8,7,0,5,10,10,8,7,7,8,very_good,male,25to44,married,degree,full_time,intermediate
11978,8,9,5,6,9,8,10,9,5,6,10,good_to_bad,female,25to44,single,no_degree,full_time,routine_manual
11988,10,10,10,0,10,5,9,8,9,10,9,good_to_bad,female,55to64,married,no_degree,part_time,routine_manual
12038,8,8,8,2,9,8,8,8,8,8,8,very_good,male,25to44,married,degree,full_time,managerial_professional
12041,9,9,9,1,10,8,8,10,8,9,7,very_good,female,25to44,married,degree,part_time,managerial_professional
12072,7,5,7,3,8,7,8,8,7,7,8,good_to_bad,male,45to54,married,degree,full_time,managerial_professional
12083,10,10,10,0,10,10,10,8,5,10,10,very_good,female,45to54,married,no_degree,full_time,intermediate
12104,6,8,9,0,10,10,10,7,6,8,10,very_good,female,25to44,married,no_degree,part_time,managerial_professional
12119,10,8,10,0,10,9,10,6,7,8,5,very_good,female,25to44,married,degree,part_time,managerial_professional
12135,9,10,8,4,6,7,7,10,9,4,4,very_good,female,25to44,single,degree,full_time,managerial_professional
12144,8,8,9,2,10,7,8,5,9,9,9,very_good,male,25to44,married,no_degree,part_time,intermediate
12159,8,8,8,0,10,8,8,5,8,8,8,good_to_bad,male,55to64,married,no_degree,full_time,managerial_professional
12159,9,9,9,0,10,9,10,9,9,9,8,good_to_bad,female,25to44,married,degree,full_time,managerial_professional
12161,6,7,7,8,8,5,10,6,6,8,6,good_to_bad,male,25to44,single,no_degree,full_time,managerial_professional
12187,6,7,5,5,7,6,6,5,7,6,7,good_to_bad,female,45to54,widowed_divorced_sep,no_degree,part_time,routine_manual
12219,7,5,6,0,8,8,8,4,6,8,8,good_to_bad,male,45to54,single,no_degree,full_time,intermediate
12222,4,5,3,4,3,7,3,3,5,3,6,very_good,female,45to54,married,degree,full_time,managerial_professional
12228,4,7,7,1,6,4,3,2,3,2,6,good_to_bad,male,45to54,married,no_degree,full_time,routine_manual
12229,7,8,6,1,8,5,8,7,8,6,4,good_to_bad,female,45to54,married,no_degree,full_time,managerial_professional
12232,8,9,9,7,9,5,8,8,9,3,9,very_good,female,25to44,married,degree,part_time,intermediate
12285,7,8,7,4,10,6,9,7,5,4,7,good_to_bad,female,25to44,single,no_degree,full_time,managerial_professional
12293,9,9,7,5,10,8,9,6,8,9,7,very_good,female,25to44,married,no_degree,part_time,intermediate
12324,10,10,8,0,9,10,10,8,10,10,10,very_good,male,16to24,single,no_degree,full_time,intermediate
12345,8,8,10,6,10,7,9,8,10,7,8,very_good,female,25to44,married,degree,full_time,managerial_professional
12369,8,5,8,0,7,6,6,8,7,5,8,good_to_bad,male,45to54,married,no_degree,full_time,managerial_professional
12371,6,6,7,2,10,8,9,7,4,7,6,very_good,female,25to44,single,no_degree,full_time,routine_manual
12372,7,9,9,0,10,10,10,6,8,8,6,very_good,male,25to44,married,no_degree,full_time,routine_manual
12407,6,7,6,3,8,7,8,7,4,5,7,good_to_bad,male,45to54,married,degree,full_time,managerial_professional
12428,8,8,7,7,7,8,8,9,8,3,9,good_to_bad,male,25to44,widowed_divorced_sep,degree,full_time,managerial_professional
12439,5,3,5,10,3,4,5,5,5,7,8,good_to_bad,male,25to44,single,degree,full_time,managerial_professional
12442,8,7,9,0,10,8,10,9,9,6,10,very_good,female,25to44,single,degree,full_time,managerial_professional
12449,8,8,10,1,9,8,9,10,8,7,8,good_to_bad,male,25to44,single,degree,full_time,intermediate
12467,10,10,8,2,10,10,10,9,10,10,10,very_good,female,45to54,married,no_degree,part_time,managerial_professional
12499,7,10,9,1,9,8,9,8,9,6,10,very_good,female,45to54,widowed_divorced_sep,no_degree,full_time,managerial_professional
12520,8,9,9,1,7,10,10,8,9,8,10,very_good,female,25to44,widowed_divorced_sep,no_degree,full_time,intermediate
12533,8,7,9,2,9,8,8,7,5,3,8,very_good,male,45to54,married,no_degree,full_time,intermediate
12544,9,10,8,0,8,5,10,4,9,8,10,good_to_bad,female,16to24,married,no_degree,part_time,routine_manual
12545,7,7,9,5,10,8,9,6,8,5,9,good_to_bad,male,25to44,married,no_degree,full_time,routine_manual
12575,7,5,4,5,9,8,9,4,2,3,10,good_to_bad,male,16to24,single,no_degree,full_time,routine_manual
12578,7,8,5,4,5,3,3,6,8,7,10,good_to_bad,female,25to44,married,degree,part_time,managerial_professional
12614,9,8,9,5,10,7,8,7,8,9,10,good_to_bad,female,45to54,widowed_divorced_sep,no_degree,full_time,routine_manual
12621,9,9,10,6,10,9,9,9,7,7,6,very_good,female,25to44,single,degree,full_time,managerial_professional
12642,8,10,8,3,8,7,5,8,9,5,10,very_good,female,45to54,widowed_divorced_sep,degree,full_time,managerial_professional
12650,6,6,8,1,9,4,8,6,8,7,10,good_to_bad,female,25to44,single,no_degree,part_time,intermediate
12659,7,8,7,0,8,10,10,6,7,6,6,very_good,female,25to44,married,no_degree,full_time,intermediate
12668,5,10,10,3,10,6,10,4,4,7,6,good_to_bad,male,55to64,widowed_divorced_sep,no_degree,full_time,intermediate
12685,10,10,10,8,10,8,10,8,3,10,9,very_good,male,55to64,widowed_divorced_sep,no_degree,full_time,intermediate
12691,8,10,8,2,7,9,9,7,6,6,10,good_to_bad,male,25to44,widowed_divorced_sep,degree,full_time,managerial_professional
12716,7,8,10,0,9,7,10,10,8,7,7,good_to_bad,male,45to54,single,no_degree,full_time,managerial_professional
12717,9,9,10,1,7,8,9,8,6,9,9,very_good,female,55to64,married,degree,part_time,routine_manual
12723,5,5,6,4,7,8,8,5,5,9,9,good_to_bad,female,25to44,single,degree,full_time,intermediate
12776,7,8,10,0,8,8,10,8,9,10,9,good_to_bad,female,55to64,widowed_divorced_sep,degree,full_time,routine_manual
12802,10,10,10,0,10,10,10,10,10,10,7,very_good,male,55to64,married,no_degree,full_time,managerial_professional
12823,8,9,9,0,6,5,9,5,5,8,7,good_to_bad,female,25to44,single,no_degree,part_time,routine_manual
12867,9,8,8,1,8,9,9,9,7,9,8,very_good,female,45to54,widowed_divorced_sep,no_degree,full_time,managerial_professional
12902,7,7,7,0,9,6,7,4,7,7,3,good_to_bad,male,25to44,married,no_degree,full_time,managerial_professional
12903,6,5,8,1,10,5,10,5,8,3,9,good_to_bad,male,25to44,single,no_degree,full_time,managerial_professional
12909,7,8,8,1,8,7,8,8,7,6,8,good_to_bad,male,45to54,married,degree,full_time,managerial_professional
12918,9,9,10,0,6,8,9,7,8,8,8,very_good,female,45to54,married,degree,part_time,managerial_professional
12920,8,8,8,1,9,7,8,8,8,6,8,very_good,male,45to54,married,degree,full_time,managerial_professional
12920,7,8,5,7,10,7,7,8,7,2,8,very_good,male,45to54,married,no_degree,full_time,managerial_professional
12925,9,10,9,5,10,7,8,10,10,5,5,very_good,male,55to64,married,degree,part_time,managerial_professional
12934,9,8,9,1,9,6,9,7,7,8,9,good_to_bad,male,25to44,married,no_degree,full_time,managerial_professional
12967,7,5,7,1,10,7,6,2,5,8,8,good_to_bad,female,25to44,single,no_degree,part_time,routine_manual
12977,6,6,7,5,5,7,7,4,4,7,9,very_good,female,16to24,single,no_degree,part_time,routine_manual
13002,7,8,4,9,10,3,8,8,7,6,9,good_to_bad,male,55to64,widowed_divorced_sep,no_degree,part_time,intermediate
13013,8,8,9,0,9,8,9,7,7,9,8,very_good,male,55to64,married,degree,full_time,intermediate
13036,7,7,9,7,8,7,5,5,8,8,8,very_good,male,55to64,married,degree,part_time,intermediate
13073,8,8,8,1,9,8,9,8,7,8,7,good_to_bad,female,25to44,married,no_degree,part_time,intermediate
13087,10,10,10,0,10,10,10,10,10,8,8,very_good,male,25to44,single,no_degree,full_time,routine_manual
13087,10,8,10,0,10,8,9,9,9,4,10,good_to_bad,male,25to44,married,no_degree,full_time,managerial_professional
13095,7,8,7,6,9,7,9,8,8,6,8,good_to_bad,female,25to44,married,degree,part_time,managerial_professional
13121,7,6,4,4,8,5,7,8,8,5,8,good_to_bad,female,45to54,widowed_divorced_sep,degree,full_time,intermediate
13158,6,7,8,5,10,8,7,6,7,7,5,very_good,male,45to54,married,no_degree,full_time,managerial_professional
13192,10,10,8,8,10,10,10,8,7,8,10,very_good,female,25to44,married,no_degree,part_time,managerial_professional
13228,10,9,9,0,10,10,8,7,10,5,7,very_good,female,55to64,married,no_degree,full_time,routine_manual
13237,4,6,3,7,9,2,4,9,4,1,9,good_to_bad,male,25to44,married,degree,full_time,managerial_professional
13279,9,6,8,3,9,6,10,8,5,10,9,very_good,male,25to44,single,degree,full_time,managerial_professional
13288,8,6,8,1,9,6,7,7,8,7,8,good_to_bad,male,45to54,married,no_degree,full_time,managerial_professional
13311,10,10,8,0,10,10,10,9,10,10,5,good_to_bad,female,25to44,married,degree,full_time,intermediate
13326,7,7,8,0,9,6,8,7,7,5,7,very_good,male,45to54,married,no_degree,full_time,managerial_professional
13333,6,6,6,5,4,7,7,4,3,9,5,very_good,female,25to44,widowed_divorced_sep,degree,part_time,routine_manual
13343,8,8,10,2,10,10,7,8,10,8,7,very_good,female,25to44,married,no_degree,full_time,routine_manual
13361,8,10,7,3,8,8,8,8,7,8,10,very_good,female,45to54,married,no_degree,part_time,managerial_professional
13369,8,8,8,0,10,8,8,9,8,3,8,good_to_bad,male,25to44,married,degree,full_time,managerial_professional
13373,8,8,9,0,8,7,5,9,8,7,9,good_to_bad,male,25to44,married,degree,full_time,managerial_professional
13388,8,6,8,0,9,7,7,8,8,6,4,very_good,male,25to44,married,degree,full_time,routine_manual
13392,6,7,3,4,10,7,10,0,0,5,10,very_good,female,25to44,married,degree,full_time,managerial_professional
13406,9,9,7,7,10,9,9,9,9,10,10,good_to_bad,female,25to44,married,degree,part_time,intermediate
13449,8,7,6,2,8,8,8,0,4,6,6,very_good,male,25to44,widowed_divorced_sep,no_degree,part_time,intermediate
13464,6,7,3,8,10,5,5,2,1,6,8,good_to_bad,female,55to64,widowed_divorced_sep,no_degree,full_time,intermediate
13481,7,8,9,9,10,9,10,8,7,10,10,good_to_bad,male,25to44,married,no_degree,part_time,routine_manual
13499,8,9,9,1,10,9,9,9,8,7,8,very_good,female,55to64,widowed_divorced_sep,no_degree,part_time,intermediate
13527,10,10,7,3,10,8,10,8,5,5,10,very_good,male,16to24,married,no_degree,full_time,managerial_professional
13539,7,6,3,10,10,5,4,7,7,6,8,good_to_bad,female,25to44,single,no_degree,full_time,managerial_professional
13558,10,10,10,0,10,8,9,8,9,8,10,good_to_bad,female,55to64,married,degree,full_time,managerial_professional
13626,8,9,10,0,9,10,10,9,10,10,10,very_good,female,25to44,married,no_degree,full_time,intermediate
13632,4,5,4,9,9,8,6,7,6,8,9,very_good,female,45to54,widowed_divorced_sep,degree,part_time,managerial_professional
13693,6,7,8,5,8,8,8,2,9,7,8,good_to_bad,female,25to44,married,degree,part_time,routine_manual
13710,8,9,9,3,9,7,9,9,9,10,6,good_to_bad,female,45to54,married,no_degree,part_time,routine_manual
13711,9,10,10,0,9,10,10,8,10,10,9,very_good,male,45to54,married,no_degree,full_time,managerial_professional
13718,8,8,8,0,8,8,8,8,8,8,10,good_to_bad,male,45to54,married,no_degree,full_time,intermediate
13720,10,9,10,0,10,10,10,10,10,10,10,very_good,male,55to64,married,degree,part_time,managerial_professional
13739,7,7,4,4,10,8,8,2,5,8,10,very_good,female,25to44,widowed_divorced_sep,no_degree,part_time,managerial_professional
13756,8,7,8,0,10,7,9,8,8,7,10,very_good,female,25to44,married,degree,full_time,managerial_professional
13763,7,7,8,2,9,6,10,5,6,10,9,very_good,male,25to44,married,no_degree,full_time,managerial_professional
13795,5,10,8,5,8,8,9,0,8,6,3,very_good,male,25to44,married,degree,full_time,intermediate
13817,5,8,10,7,3,3,8,3,8,5,3,good_to_bad,male,55to64,married,no_degree,part_time,managerial_professional
13817,7,8,7,5,9,8,8,7,7,7,7,good_to_bad,male,45to54,married,no_degree,full_time,routine_manual
13819,7,8,7,1,8,9,10,8,9,8,7,very_good,male,45to54,widowed_divorced_sep,no_degree,full_time,routine_manual
13854,4,5,7,3,4,8,9,0,3,5,9,good_to_bad,male,25to44,widowed_divorced_sep,no_degree,full_time,routine_manual
13860,8,8,8,3,10,7,8,7,7,7,10,good_to_bad,female,25to44,single,degree,full_time,managerial_professional
13871,10,10,10,0,10,8,10,8,10,9,7,very_good,male,25to44,married,no_degree,full_time,routine_manual
13879,8,8,8,0,9,8,9,5,5,7,4,good_to_bad,female,45to54,married,no_degree,full_time,routine_manual
13911,8,7,6,5,10,10,10,8,7,3,8,very_good,male,25to44,married,no_degree,full_time,routine_manual
13925,9,9,10,0,9,9,9,9,9,9,9,very_good,female,55to64,married,no_degree,full_time,intermediate
13926,8,10,10,0,10,8,8,0,5,5,3,very_good,female,45to54,married,degree,part_time,managerial_professional
13945,8,7,5,0,10,8,10,10,10,10,5,very_good,male,55to64,married,degree,full_time,managerial_professional
13963,8,8,7,5,8,9,9,8,8,8,9,very_good,female,45to54,single,degree,full_time,managerial_professional
13967,7,9,8,6,9,7,7,6,9,10,8,very_good,female,45to54,married,no_degree,full_time,intermediate
13988,8,8,7,0,10,9,9,6,8,6,3,very_good,female,25to44,widowed_divorced_sep,no_degree,full_time,routine_manual
13993,9,8,10,2,9,9,10,8,7,7,9,very_good,female,25to44,single,degree,full_time,managerial_professional
13998,7,6,6,3,7,6,7,6,7,6,8,good_to_bad,male,55to64,widowed_divorced_sep,no_degree,full_time,routine_manual
14007,7,8,9,0,9,8,7,9,8,7,8,good_to_bad,male,45to54,widowed_divorced_sep,no_degree,full_time,routine_manual
14038,8,8,7,0,8,8,9,10,7,4,8,very_good,female,25to44,married,degree,full_time,managerial_professional
14051,7,8,8,3,9,4,9,6,5,8,9,good_to_bad,female,55to64,widowed_divorced_sep,no_degree,full_time,managerial_professional
14066,10,8,10,0,9,9,10,5,5,5,3,good_to_bad,male,55to64,widowed_divorced_sep,no_degree,full_time,intermediate
14081,9,9,10,0,10,10,10,10,9,10,10,very_good,female,45to54,widowed_divorced_sep,no_degree,part_time,intermediate
14083,7,10,4,9,5,8,8,8,2,8,4,good_to_bad,female,25to44,married,degree,part_time,intermediate
14086,10,10,2,0,10,8,7,7,5,4,8,good_to_bad,male,25to44,married,no_degree,full_time,routine_manual
14091,9,9,8,0,9,8,9,7,7,7,10,good_to_bad,male,25to44,married,degree,full_time,managerial_professional
14094,3,7,4,9,1,7,9,3,8,4,8,very_good,female,45to54,widowed_divorced_sep,no_degree,full_time,intermediate
14095,9,5,3,7,10,5,10,8,10,5,7,good_to_bad,female,16to24,single,no_degree,full_time,routine_manual
14106,8,8,9,4,9,7,9,7,5,8,8,good_to_bad,female,45to54,widowed_divorced_sep,no_degree,full_time,intermediate
14149,6,8,5,9,10,4,5,8,9,9,8,good_to_bad,male,55to64,married,no_degree,full_time,intermediate
14157,9,10,10,2,10,8,9,5,10,10,4,good_to_bad,female,25to44,widowed_divorced_sep,no_degree,full_time,intermediate
14208,8,9,9,2,8,8,8,8,6,6,8,very_good,male,45to54,married,degree,full_time,managerial_professional
14222,8,9,9,2,8,8,8,7,8,6,8,good_to_bad,male,25to44,married,degree,full_time,managerial_professional
14243,8,8,4,10,9,7,8,7,7,7,6,good_to_bad,female,45to54,widowed_divorced_sep,no_degree,part_time,routine_manual
14269,8,8,8,2,8,7,7,7,8,7,9,good_to_bad,male,25to44,married,degree,full_time,managerial_professional
14272,7,8,7,1,5,5,8,8,8,2,7,good_to_bad,male,55to64,widowed_divorced_sep,no_degree,full_time,routine_manual
14285,10,10,10,0,10,8,10,10,10,6,7,very_good,female,25to44,married,degree,full_time,managerial_professional
14324,6,6,8,2,7,8,7,7,8,7,5,good_to_bad,male,55to64,married,no_degree,full_time,routine_manual
14335,10,10,7,0,10,10,10,10,2,8,10,very_good,female,25to44,married,no_degree,part_time,routine_manual
14363,5,5,10,0,10,5,7,2,5,5,5,very_good,female,45to54,widowed_divorced_sep,no_degree,part_time,routine_manual
14388,8,9,8,4,5,4,4,6,7,4,8,good_to_bad,female,25to44,married,degree,full_time,managerial_professional
14392,7,7,7,7,9,7,9,8,7,8,9,very_good,male,55to64,widowed_divorced_sep,degree,part_time,intermediate
14413,7,7,6,5,9,4,6,3,4,7,9,good_to_bad,male,45to54,widowed_divorced_sep,degree,full_time,managerial_professional
14418,10,10,10,5,10,9,4,9,10,10,9,very_good,female,45to54,married,degree,part_time,intermediate
14489,8,10,10,1,10,8,9,6,8,10,10,very_good,female,25to44,married,no_degree,part_time,intermediate
14530,7,8,7,2,7,5,9,9,7,7,5,good_to_bad,male,25to44,married,no_degree,full_time,managerial_professional
14584,9,9,7,0,9,8,10,9,9,6,8,very_good,female,16to24,single,degree,full_time,managerial_professional
14592,8,10,4,4,10,10,10,10,7,10,10,very_good,female,55to64,married,degree,part_time,managerial_professional
14592,8,9,9,2,10,9,9,7,8,5,5,very_good,female,25to44,single,degree,full_time,managerial_professional
14593,8,9,9,1,10,4,6,5,8,9,10,good_to_bad,female,16to24,married,no_degree,part_time,routine_manual
14599,9,9,1,3,9,6,10,3,8,4,9,good_to_bad,male,25to44,married,degree,full_time,managerial_professional
14617,5,5,2,5,8,5,5,4,6,5,10,good_to_bad,female,45to54,widowed_divorced_sep,no_degree,part_time,intermediate
14631,9,8,8,5,9,7,7,4,9,8,10,good_to_bad,female,45to54,married,no_degree,part_time,routine_manual
14654,7,8,8,3,10,8,10,7,8,7,8,good_to_bad,male,25to44,married,no_degree,full_time,routine_manual
14703,6,7,2,8,9,8,9,3,10,10,7,good_to_bad,female,45to54,widowed_divorced_sep,no_degree,part_time,routine_manual
14704,10,5,8,7,10,7,10,3,7,6,8,good_to_bad,male,25to44,married,no_degree,part_time,routine_manual
14716,10,10,10,0,7,6,10,10,10,10,10,good_to_bad,female,55to64,married,no_degree,part_time,routine_manual
14740,8,9,7,7,5,5,5,6,6,2,7,good_to_bad,female,45to54,widowed_divorced_sep,degree,full_time,managerial_professional
14741,8,8,1,0,8,8,8,7,7,7,8,very_good,male,55to64,single,no_degree,part_time,intermediate
14806,8,8,10,2,9,9,6,4,9,8,5,very_good,female,25to44,married,degree,full_time,routine_manual
14808,5,5,4,4,7,3,5,8,8,8,6,good_to_bad,female,45to54,single,no_degree,full_time,managerial_professional
14808,8,7,4,8,8,10,8,8,6,4,7,very_good,female,25to44,single,no_degree,full_time,routine_manual
14814,7,7,8,0,9,5,10,7,7,6,10,good_to_bad,female,25to44,single,no_degree,full_time,routine_manual
14824,8,10,8,2,10,9,10,9,10,10,10,very_good,male,45to54,widowed_divorced_sep,degree,full_time,managerial_professional
14834,8,10,10,0,10,10,10,8,10,9,10,good_to_bad,female,25to44,married,no_degree,full_time,routine_manual
14838,10,10,8,1,10,8,8,7,7,8,10,good_to_bad,female,16to24,married,no_degree,part_time,routine_manual
14844,8,7,7,2,10,7,9,8,8,8,9,good_to_bad,male,55to64,married,no_degree,full_time,routine_manual
14873,8,6,6,3,9,5,7,9,6,8,8,good_to_bad,male,55to64,married,no_degree,part_time,managerial_professional
14898,8,7,9,5,10,8,10,10,6,8,9,very_good,male,45to54,married,no_degree,full_time,managerial_professional
14904,7,5,7,3,8,5,7,5,6,5,9,good_to_bad,female,45to54,widowed_divorced_sep,no_degree,full_time,managerial_professional
14905,7,7,5,5,10,7,7,5,3,3,6,good_to_bad,male,25to44,married,no_degree,full_time,managerial_professional
14917,7,5,9,0,10,2,9,0,5,7,7,very_good,male,45to54,widowed_divorced_sep,no_degree,full_time,routine_manual
14925,6,7,4,7,10,7,8,4,7,7,7,good_to_bad,male,25to44,married,no_degree,full_time,routine_manual
14933,10,10,10,0,10,8,10,9,9,10,6,very_good,female,45to54,married,no_degree,full_time,intermediate
14954,8,5,8,0,5,8,8,10,7,10,10,very_good,female,45to54,widowed_divorced_sep,degree,part_time,managerial_professional
